,St. Johns,Halifax,Sydney,Yarmouth,Charlottvl,Fredericton,Scheffervll,Arvida,Bagottville,Quebec,Sherbrooke,Montreal,Ottawa,Toronto,London,Thunder Bay,Winnipeg,The Pas,Churchill,Regina,Pr. Albert,Uranium City,Edmonton,Calgary,Kamloops,Vancouver,Victoria,Pr. George,Pr. Rupert,Whitehorse,Dawson,Yellowknife,Iqaluit,Inuvik,Resolute
1-Jan,-3.6,-4.4,-3.8,-1.4,-5.8,-7.9,-22.5,-14.1,-14.6,-10.8,-10.1,-8.7,-9.4,-5.4,-5.2,-14,-17.9,-20.5,-24.9,-15.7,-19.3,-23.5,-12.6,-8.6,-5.3,2.3,3,-10.5,0.4,-17.6,-28,-24.5,-23.3,-26.3,-30.7
2-Jan,-3.1,-4.2,-3.5,-1.6,-5.6,-7.5,-23,-14.4,-14.7,-11.4,-10.5,-9.9,-10.4,-5.4,-5.7,-14,-16.9,-19.6,-25,-15,-18,-23.6,-12.7,-8.4,-5.6,2.1,2.7,-11.4,0.5,-18.6,-28.9,-25.3,-24,-27.1,-30.6
3-Jan,-3.4,-5.3,-4.6,-2.5,-7.3,-9.3,-23,-15,-15.5,-12.5,-11.4,-9.8,-9.9,-5,-5.3,-13.5,-17.7,-20.6,-26.5,-15.8,-18.5,-24.6,-14.2,-9.2,-6.5,1.9,2.7,-11,-0.2,-18.6,-29.5,-26.1,-24.4,-27.8,-31.4
4-Jan,-4.4,-5.4,-5,-2.3,-7,-8.7,-21.8,-14.3,-14.3,-11.2,-10.2,-9,-9.2,-5.9,-5.8,-13.9,-18.5,-21,-26.7,-17.3,-19.4,-25.5,-14.8,-10.8,-6.8,2,2.9,-11.9,-0.6,-20,-29,-27.7,-24.7,-28.2,-31.9
5-Jan,-2.9,-5.6,-4.1,-2.4,-6.7,-9.1,-23.5,-16.2,-15.8,-12,-11.3,-9.8,-10.1,-5.7,-6.5,-14.4,-18.2,-21.7,-26.7,-17,-20.3,-26.5,-15.4,-12,-7.3,1.6,2.6,-13.5,-1,-20.9,-28.8,-27.8,-25.3,-27.2,-31.5
6-Jan,-4.5,-7.1,-6.1,-3.7,-8.9,-10.9,-24.4,-16.3,-16.9,-13.2,-12.6,-10.7,-11,-5.6,-5.6,-14.5,-18.4,-22.6,-28.5,-17.1,-20.3,-27.9,-15.1,-11.7,-7.9,1.4,2.1,-13.2,-0.6,-21,-29.9,-28.1,-26.3,-27.6,-31.1
7-Jan,-5.5,-5.8,-5.5,-2.6,-7.5,-9.6,-25.3,-14.6,-15.5,-11.9,-11.3,-9.7,-10.5,-6.8,-6.1,-16,-19.9,-24,-28.8,-18.6,-22,-28,-16.4,-12.1,-6.5,1.8,2.7,-12.3,0,-20.4,-30.3,-28.8,-26.5,-27.2,-30.9
8-Jan,-3.1,-5.4,-3.9,-2.6,-6.9,-9.5,-24.9,-15.8,-16.6,-12.9,-13.2,-11.5,-12.5,-8.5,-7.7,-16.4,-19.7,-23.2,-27.4,-19.5,-22.6,-28.4,-17.4,-13.7,-5.9,2.6,3.3,-13.1,0.1,-21.4,-30.8,-28.8,-26.2,-27.3,-30.8
9-Jan,-4,-6.8,-5.4,-4.1,-8.9,-10.8,-23.5,-16.8,-17.4,-13.8,-13.9,-11.5,-12.1,-7.7,-7.5,-16.6,-21.2,-23.9,-27,-20.8,-24,-28.5,-18.6,-13.2,-5.9,3,3.6,-13.3,-0.1,-22.1,-31.5,-28,-26.1,-28.2,-31.3
10-Jan,-5,-6.4,-5.9,-3.8,-8.8,-10.7,-24.6,-16.3,-17.7,-14,-12.7,-11.4,-12.1,-7.7,-7.2,-16.9,-20.5,-23.3,-26.4,-20,-23.7,-28.1,-17.4,-12.9,-6.4,2.7,3.1,-13.3,-1,-22.7,-32.6,-27.7,-27.2,-28.8,-31.8
11-Jan,-4.8,-7.2,-6,-4.3,-9.3,-11.4,-24.9,-15.2,-16.9,-13.7,-13.2,-11.4,-12.2,-7.6,-7.3,-15.2,-18.7,-21.9,-25.9,-18.2,-21.5,-27.7,-16.6,-11.9,-6.3,2.3,3.2,-12.2,0.2,-21.8,-32,-28.6,-26.9,-29.1,-32.2
12-Jan,-5.2,-7.9,-6.4,-4.8,-9.5,-12,-25.5,-16.4,-17.2,-14.1,-13.5,-12.3,-12.8,-7.7,-7.5,-14.9,-18.6,-21.6,-27.4,-17,-20.7,-27.8,-14.9,-8.9,-4.7,2.9,3.7,-9.3,0.9,-21,-30.8,-28.4,-26.6,-30,-32.8
13-Jan,-5.5,-7.2,-6.2,-4.6,-9.1,-11.1,-26.2,-17.6,-17.5,-13.9,-13.5,-11.5,-12,-6.5,-6.6,-15.7,-17.9,-21.8,-26.9,-15.7,-20.1,-27.8,-14.4,-9,-4.1,3.4,4,-8.7,1.5,-20.5,-30.9,-28.7,-27,-30.5,-32.8
14-Jan,-5.4,-6.2,-5.8,-3.5,-8.4,-10,-24.7,-16.1,-16.3,-12.5,-12.3,-10.5,-11,-7.1,-6.7,-16.5,-19.5,-22.3,-27.4,-16,-20.2,-27.4,-14.7,-9.8,-4.5,4,4.5,-8.6,1.9,-20.7,-31.2,-28.4,-27.7,-30.6,-32.8
15-Jan,-4.4,-5.7,-5.3,-3.1,-7.8,-10,-24,-16.9,-17.8,-13.9,-13.5,-12.2,-13.1,-9.3,-9,-16.6,-19,-21.1,-26.7,-16,-19.3,-26.9,-13.3,-8.2,-4,4.1,4.8,-9,1.7,-19.6,-30.6,-28.2,-25.7,-30.9,-33.4
16-Jan,-4.6,-7.6,-7,-4.5,-10,-12.4,-24.3,-18.7,-19.2,-15.8,-15.4,-14,-14.7,-9.1,-8.7,-15,-17.8,-20.9,-26.1,-15.4,-18.5,-25.8,-13,-7.9,-2.6,4,4.4,-9,1.9,-16.6,-28.1,-28.7,-25.1,-31.5,-33.4
17-Jan,-5.9,-7.8,-7,-4.4,-9.7,-11.8,-23.2,-18.6,-18.1,-15,-14.2,-12.4,-12.7,-7.2,-7,-14.4,-18.5,-21.6,-27.5,-16.1,-19.5,-26.4,-12.9,-7,-3.2,3.5,3.9,-8.7,1.8,-14.8,-26.5,-28,-24.5,-30.6,-33.3
18-Jan,-5,-6.6,-6.8,-3.6,-9.1,-10.9,-23.8,-16.6,-17.4,-13.6,-12.3,-11.7,-11.7,-7.4,-7.6,-14.7,-18.2,-20.5,-26.5,-16.4,-19,-26.1,-12.4,-7.9,-3.8,3.5,3.8,-8.7,2.1,-15.1,-25.3,-26.9,-25.6,-29.3,-32.8
19-Jan,-4.9,-6.9,-6.4,-4,-9.1,-10.5,-23.7,-14,-16.8,-13.4,-11.9,-10.9,-10.9,-7.8,-8,-15.6,-17.9,-20.2,-25.6,-15.9,-19.5,-24.7,-12.6,-7.7,-3.4,3.3,3.8,-7.8,2.2,-13.9,-24.6,-25.6,-26.9,-27.3,-32.4
20-Jan,-5.2,-7,-6.8,-3.8,-9.2,-10.8,-25.1,-16.2,-17.9,-13.4,-11.6,-10.4,-11,-7.6,-7.8,-15.2,-17,-18.6,-25.5,-14.6,-17.6,-24.6,-10.8,-6,-3.3,3.7,3.9,-6.9,2,-14.6,-25.6,-25.3,-27.6,-27.4,-32.7
21-Jan,-5.3,-8.1,-7.3,-4.4,-10.1,-11.8,-24.4,-15.5,-17.4,-13.3,-12.4,-10.9,-11.8,-7.9,-7.3,-13.6,-15.2,-18,-25.9,-12.7,-15.7,-26.4,-11.3,-6.5,-3.9,3.5,3.8,-7.3,1.8,-15.4,-25.9,-26.5,-27.4,-28.5,-32.6
22-Jan,-5.9,-7.2,-7,-3.7,-9.2,-10.7,-24.5,-14,-15.6,-12.5,-11.9,-9.7,-10.1,-5.7,-5.2,-13.8,-16.1,-20,-27.4,-14,-17.3,-26.1,-11.9,-7.7,-3.6,3.2,3.8,-7.3,2,-15.6,-25.4,-26.9,-28,-28.8,-33
23-Jan,-5.7,-5.1,-6.1,-2.1,-7.4,-8.4,-22.8,-12,-14.2,-11.1,-9.8,-8.7,-9.1,-4.9,-5.3,-14.5,-17,-20.2,-27.7,-13.6,-16.6,-24.6,-11.4,-7,-4.1,3.5,3.8,-7.9,1.8,-16.5,-26.2,-27.3,-26.9,-28.7,-33.6
24-Jan,-5,-4.1,-5.1,-1.7,-6.6,-8,-22.7,-13.2,-14.3,-10.8,-8.4,-8.3,-8.9,-5.4,-5.6,-14.3,-17.6,-21.1,-27.5,-15.3,-18.7,-27.2,-12.6,-8.3,-3.8,3.3,4.1,-8.3,1.5,-18,-27.8,-28.2,-25.1,-27.3,-33.8
25-Jan,-4.5,-4.7,-5.2,-1.8,-6.8,-8.1,-22.6,-12.5,-14.9,-11.3,-9.7,-9.2,-9.8,-5.8,-5.6,-14.7,-18.7,-22.2,-27.3,-17.4,-21.2,-29.4,-13.2,-8.7,-4.3,3.3,3.5,-8.8,1.4,-18.5,-28.6,-29.6,-25.6,-26.7,-33.4
26-Jan,-4.5,-4.8,-5.1,-1.7,-7,-8.3,-21.6,-13.2,-14.8,-12,-10.1,-9.4,-10,-6,-6.3,-15.1,-19.3,-22.7,-27.6,-17.6,-20.6,-29.4,-14.4,-9.4,-4.6,3,3.2,-8.7,1.1,-18.8,-28.4,-29,-25.8,-27,-31.7
27-Jan,-3.3,-4.7,-4.6,-2.5,-6.7,-8.1,-21.3,-13.9,-14.7,-12,-10.5,-9.6,-10.5,-6.6,-6.7,-16.1,-18.8,-21.7,-27.2,-16.9,-20.4,-28.6,-13.7,-8.8,-3.9,3.4,3.8,-8.4,0.8,-17.9,-29.5,-29.4,-27.5,-29.4,-31.8
28-Jan,-4.1,-5.8,-5.5,-3.3,-7.6,-9.3,-21.1,-16.3,-15.4,-12.7,-11,-10.1,-10.6,-6.7,-7.1,-15.6,-18.7,-21.8,-28.3,-16.6,-20.3,-30,-14.1,-9,-3.5,3.6,3.7,-8.1,1.1,-17.6,-29.8,-30.5,-26.7,-28.6,-32.8
29-Jan,-4.7,-5.9,-6,-3.3,-7.9,-9.4,-22.7,-15.6,-15.8,-12.5,-11.1,-10.1,-11.2,-6.8,-6.9,-14.9,-18.8,-22,-29.2,-16.9,-20.2,-28.5,-14.8,-10.1,-4.2,3.2,3.4,-9.3,1.5,-16.9,-28.9,-29.1,-26.3,-28.5,-33.8
30-Jan,-5.5,-6.5,-7,-3.7,-8.2,-10.2,-25.2,-15.1,-15.5,-11.9,-11,-10,-10.8,-7,-6.9,-15.1,-18.4,-20.2,-28.4,-16.4,-18.9,-25.8,-14.1,-10.2,-4.6,2.9,3.6,-9.7,1.1,-17.4,-29,-29.1,-28.1,-30.1,-33.4
31-Jan,-5.4,-7.5,-7,-3.9,-9.4,-10.4,-24.3,-14.7,-16.6,-13.1,-11.8,-11.2,-11.5,-7.2,-7.6,-15.1,-17.3,-20.8,-28.4,-15.9,-18.7,-27.7,-14.6,-10.2,-4.1,3.5,3.6,-10.1,1.2,-17,-29.2,-29.3,-28.5,-31,-33.1
1-Feb,-5.5,-7.7,-7.6,-4.5,-9.9,-10.9,-24,-14.9,-15.9,-12.8,-11.4,-10.7,-11.1,-7,-7.1,-15.9,-19.8,-22,-28.8,-16.6,-20,-27.1,-14.5,-9.9,-4.1,3.4,3.8,-9,0.9,-16.7,-27.9,-28.4,-28.3,-31.2,-33.7
2-Feb,-5.6,-6.8,-7.3,-3.8,-8.8,-9.5,-23.4,-14.9,-16.1,-13.2,-11.5,-10.9,-11.9,-7.4,-7.6,-16.2,-18.6,-20.1,-27.5,-16.5,-18.8,-26.9,-13.4,-7.9,-3.4,3.6,3.9,-7.7,1.6,-16.9,-28.3,-27.8,-28.8,-30.5,-32.9
3-Feb,-5,-6.6,-6.8,-3.9,-8.3,-9,-23.7,-15.8,-15.4,-12.1,-11.9,-10.6,-11.3,-7.5,-7.5,-15.5,-17.3,-19.3,-27.1,-15.4,-18,-27.1,-12.2,-8.1,-2.4,4.2,4.4,-7.6,1.6,-18.5,-29.3,-27.1,-29.2,-29.9,-31.7
4-Feb,-5.8,-7.2,-7,-4.5,-9,-9.9,-23.7,-16.2,-16.6,-13.1,-13.1,-11.4,-11.9,-7.4,-7.5,-14.9,-17.3,-19.8,-27.5,-15.4,-18.9,-26.4,-12.6,-7.3,-2.3,4.1,4.4,-6.3,2.2,-17.6,-28.4,-27.1,-28.7,-29.2,-32.4
5-Feb,-5.9,-7.6,-7.9,-5,-9.8,-10.8,-24.5,-16.9,-17.2,-13.5,-13.3,-11.6,-12,-7.5,-7.6,-14.6,-16.8,-19.6,-26.4,-15,-17.5,-24.4,-11.6,-6.2,-2.2,3.8,3.8,-5.9,2.4,-14.9,-26.9,-25.4,-27.3,-28.4,-33
6-Feb,-5.4,-8.1,-8.4,-5.3,-10.4,-11.3,-23.9,-16.5,-16.9,-13.3,-13.2,-11.4,-11.8,-7.9,-7.9,-14.3,-16.1,-17.2,-25,-14.5,-16.8,-23.1,-11.2,-5.5,-2.5,4.3,4.3,-6.1,2.8,-11.6,-23.4,-25,-27.3,-28.8,-32.5
7-Feb,-6.1,-8,-8.2,-5.1,-10,-11.4,-22.7,-15.2,-16.1,-13,-12.4,-11.1,-11.2,-8,-8.1,-14.4,-17.1,-18.3,-25.4,-14.4,-16.8,-21.7,-11.1,-6.3,-2.4,4,4.4,-5.9,3,-10.5,-21.9,-24.2,-26.5,-28,-32.4
8-Feb,-5.6,-6.4,-7.4,-3.7,-8.3,-9.1,-22.2,-13.4,-15.1,-11.8,-11.6,-9.8,-10,-8.3,-8.7,-14.4,-16.9,-17.2,-25.3,-13.8,-15.9,-20.7,-10.4,-5.9,-2.3,4,4.5,-6.1,2.6,-12.4,-23.2,-23.9,-27.2,-26.8,-32.3
9-Feb,-4.6,-6.4,-6.6,-4.3,-8,-9.2,-23.9,-16,-16.6,-12.7,-13.2,-11.1,-11.7,-8.4,-8.6,-14,-15.2,-17.5,-25.6,-13,-15.6,-21,-11.2,-6.4,-2,4.3,5,-6.5,2.3,-13.1,-22.9,-24.8,-27.1,-27.2,-32
10-Feb,-5.1,-7,-7.1,-4.3,-8.9,-9.9,-22.9,-15.4,-16.1,-13.2,-12.9,-10.7,-10.8,-7.8,-7.9,-13.3,-16.3,-18.2,-25.3,-13.6,-17,-22.8,-10.7,-6.2,-1.3,4.6,5.4,-5.9,2.2,-13.5,-24.2,-24.9,-26.1,-28.5,-33
11-Feb,-4.8,-6.6,-7,-3.9,-8.7,-9.1,-22.8,-14.3,-15.7,-12.3,-11.4,-10.1,-10.6,-7.3,-7.2,-12.9,-15,-17.7,-25.7,-12.8,-16,-25,-10.5,-5.6,-0.3,4.8,5.2,-5.5,2.2,-15.5,-25.2,-26.4,-26.8,-29.7,-33.5
12-Feb,-5.1,-7.3,-7.9,-4.6,-9.6,-10.7,-22.1,-15.4,-16.5,-13.2,-11.9,-10.3,-10.6,-7,-6.9,-11.9,-14.8,-18,-26.7,-12.1,-15.7,-25.8,-10.7,-6.2,0.3,5.1,5.3,-6.1,2.5,-15.2,-25.6,-26.4,-26.5,-29.4,-33.2
13-Feb,-6,-6.1,-6.9,-3.4,-8.1,-8.8,-21.5,-12.5,-14,-11.1,-9.8,-8.6,-9.3,-6.5,-6.8,-12.3,-14.9,-18.5,-27.3,-12.5,-16.3,-24.3,-11.7,-7.6,-0.4,5.3,5.1,-6.8,1.8,-15.2,-24.7,-27.2,-25.7,-29.9,-33.8
14-Feb,-4.6,-5.6,-6,-3.4,-7.4,-8.3,-21.5,-11.9,-13.7,-11.1,-10.7,-8.5,-9.3,-5.9,-6.6,-12.8,-15.7,-19.8,-27.6,-14,-18,-23.1,-12.8,-9,-1.1,4.7,5,-6.6,2.8,-13.7,-24.2,-27.1,-27.1,-31.3,-33.3
15-Feb,-5.3,-5.6,-6.7,-3.1,-7.5,-7.5,-21.9,-11.9,-13.8,-11.3,-10.3,-8.8,-9.4,-5.5,-5.9,-13.5,-16.5,-19.2,-25.9,-14,-17.4,-22.4,-11.8,-7.1,-0.2,5,5.2,-5.3,2.7,-13.6,-23.8,-26,-28.2,-30.7,-33.5
16-Feb,-4.6,-5.8,-5.9,-3.2,-7.4,-8.1,-23.8,-13.6,-14.8,-11.3,-10.8,-9.2,-9.6,-6.4,-6.3,-13.3,-13.8,-16.8,-25.8,-12.9,-15.6,-22.8,-12.1,-7.3,0.3,5.2,5.3,-5.8,2,-14.5,-24.6,-26.6,-28.7,-31,-33
17-Feb,-6,-7.5,-7.6,-4.3,-9.6,-9.6,-24,-13.9,-14.9,-12,-11.7,-9.5,-9.6,-5.9,-5.9,-11.7,-13.9,-17.5,-24.7,-13.1,-16.9,-23.4,-12.6,-8.4,-0.5,4.6,4.6,-6,2.5,-15.2,-24.7,-25.8,-28.5,-32.1,-32.4
18-Feb,-7,-7.1,-8,-3.4,-9.8,-9.4,-23.1,-12.7,-13.8,-11.2,-10.4,-8.6,-8.8,-4.5,-4.3,-11,-14.2,-17,-25.5,-12.6,-16.6,-23.2,-10.3,-6.8,-0.1,5.1,5.2,-4.7,3.1,-13.2,-26.1,-26.2,-27.4,-31.3,-32.8
19-Feb,-6.5,-5.2,-6.8,-2.4,-7.8,-8,-21.6,-11.6,-12.2,-9.5,-8.2,-6.6,-6.5,-3.4,-3.5,-11.7,-13.9,-17.2,-25.9,-11.9,-15.3,-22.3,-9.7,-5.8,0.9,5.3,5.5,-4.6,3.4,-12.6,-25.1,-25,-26.6,-29.8,-32.9
20-Feb,-5.1,-3.8,-4.9,-1.7,-6.2,-6.4,-20.3,-11.2,-11.6,-8.5,-7.1,-6.1,-6.7,-4.2,-4.4,-11.2,-14.4,-16.3,-25.5,-11.8,-15.2,-20.3,-9.9,-5.3,1,5.2,5,-3.9,3.1,-12.9,-24.3,-23.8,-26.6,-28.4,-33.4
21-Feb,-5.2,-4.8,-5.7,-2.5,-6.9,-7.2,-21.1,-11.3,-12.1,-9.1,-7.7,-6.8,-7.3,-4.2,-4.3,-10.1,-12.8,-15,-24.7,-10.6,-13.1,-18.8,-9.7,-4.7,1.1,4.9,4.8,-3.2,3.1,-12.1,-23.7,-23.3,-27.6,-27.4,-33.5
22-Feb,-5.2,-4.4,-5.8,-1.7,-6.7,-6.3,-21.8,-10.4,-11.2,-8.3,-7.3,-6.2,-6.4,-3.5,-3.4,-9.4,-13,-16.6,-25,-11.5,-14.5,-19.1,-9.2,-4.5,1.1,5.3,5.1,-3.7,3.2,-11.5,-22.3,-22.9,-27.3,-26.6,-33.2
23-Feb,-4.4,-4.8,-5.4,-2.1,-7,-7,-22.5,-11.3,-12.7,-9.4,-8.7,-6.7,-7.1,-4.1,-3.9,-10.9,-13.5,-15.5,-24.3,-11.3,-14,-19.1,-9.5,-5.1,1,5.1,5.1,-4,2.9,-10.9,-21.5,-22.1,-26.7,-26.2,-33.4
24-Feb,-6.2,-5.9,-7.1,-2.8,-7.8,-8.3,-21.2,-10.9,-12.6,-10,-8.9,-7.5,-7.6,-4.2,-4.4,-12.1,-13.7,-15.6,-24.2,-11.1,-14.1,-18.4,-8.9,-4.8,0.6,5.2,5.2,-4.1,2.5,-10,-19.6,-22.1,-27.4,-26.2,-33.2
25-Feb,-5.8,-5.1,-6.5,-2.4,-7.6,-7.6,-21.9,-10.8,-12.7,-9.7,-9.3,-8.5,-8.8,-6,-5.9,-11.6,-12.5,-14.9,-23.1,-9.5,-12.8,-17.8,-8.3,-4.1,1.1,5.4,5.1,-3.7,2.9,-9.5,-19.1,-22.1,-28.3,-24.4,-33
26-Feb,-4.5,-5.3,-6,-2.9,-7.4,-7.3,-20.5,-10.5,-12.3,-9.8,-10.1,-8.2,-8.4,-5.8,-5.8,-10.5,-10.5,-13.8,-23,-9.1,-11.6,-19.1,-7.9,-4.2,1.2,5.1,5.2,-4.3,3.5,-9.4,-18.6,-21,-26.6,-23.1,-33.8
27-Feb,-3.9,-5.6,-6.4,-3.1,-7.7,-7.8,-19.6,-11.4,-12.6,-10.4,-10.6,-7.4,-7.2,-4.7,-5,-10,-12.1,-14.8,-24.3,-10,-13.2,-20.1,-8.6,-4.6,1.8,5.5,5.4,-3.2,3.1,-9.1,-17.8,-19.8,-25.8,-23.6,-33.4
28-Feb,-4.3,-4.8,-5.4,-2.4,-6.7,-6.3,-20.4,-9.7,-11.3,-8.9,-8.9,-6.7,-6.8,-4.5,-5,-10,-11.8,-14.5,-23.9,-10.4,-12.6,-18,-9.3,-5.2,1.7,5.8,5.8,-3.9,2.4,-10.2,-17.9,-19.1,-26.9,-23.6,-33
1-Mar,-4.2,-4.5,-5.6,-1.7,-6.4,-6.6,-19.7,-10.4,-11.8,-8.9,-8.2,-6.4,-6.6,-3.8,-4,-9.4,-10.8,-13.7,-23,-10,-13.2,-19.5,-10.5,-7.2,1,4.9,4.8,-4.5,2.1,-10.8,-19.5,-21.7,-27.3,-24.4,-32.9
2-Mar,-4,-4.3,-4.9,-1.7,-6.1,-5.9,-18.8,-9.9,-10.8,-8.1,-7.2,-6.6,-6.6,-3.3,-3.2,-8.1,-11.4,-14.7,-22.9,-10.6,-13.9,-19,-9.9,-7.1,0.8,5.1,4.8,-5.3,1.7,-11,-19,-21.1,-26.2,-25.7,-32.9
3-Mar,-3.5,-4.2,-4.8,-1.9,-6.4,-6.1,-19,-10.4,-11.3,-8.5,-7.8,-6.2,-6.4,-3.8,-3.2,-8.9,-11,-13.1,-21.6,-10,-12.2,-17.4,-10.1,-7,0.8,4.7,4.4,-4.9,2.5,-11.3,-19.5,-21.2,-25.5,-26.4,-34.1
4-Mar,-3.6,-3.6,-4.9,-1.3,-6,-5.2,-19.6,-9.9,-10.2,-7.4,-6.7,-5.3,-5.8,-2.6,-1.9,-8.1,-10.1,-11.4,-21.4,-9.7,-12.1,-17.1,-8.7,-5.1,1.1,4.9,4.8,-3.8,3,-11.6,-19.6,-20,-26.3,-26.1,-33.4
5-Mar,-3.5,-3.4,-4.5,-0.7,-5.2,-4.8,-19.2,-8.5,-8.9,-6.1,-5.2,-4.3,-4.3,-1.2,-1,-8.3,-9.5,-10.8,-21.3,-9.2,-11.8,-18.2,-7.4,-4,1.9,5.5,5.5,-2.1,2.9,-11.6,-18.7,-20.6,-27.6,-26.9,-32.9
6-Mar,-4.1,-3.2,-4.6,-0.9,-5.4,-4.9,-18.1,-8.8,-9.7,-6.6,-6.2,-4.1,-4.6,-1.7,-1.6,-7.6,-10.1,-13.1,-21.7,-8.3,-11.6,-18,-7.1,-3.4,3.3,5.9,5.7,-1.6,2.9,-11.3,-18.2,-21.1,-26.2,-26.3,-32.2
7-Mar,-4.1,-2.9,-4.2,-0.4,-4.8,-4.1,-17.5,-7.2,-8.1,-5.8,-4.7,-3.2,-3.8,-2.1,-2.3,-8.7,-11.4,-13.8,-21.7,-9.4,-12.2,-19.5,-7.3,-4,2.8,5.6,5.8,-1.4,3.1,-8.4,-15.3,-22.1,-24.8,-24.4,-32.1
8-Mar,-3,-2.7,-3.7,-0.6,-4.7,-4.4,-19.1,-9.5,-9.4,-7.4,-6.6,-5.1,-5.3,-3.2,-2.9,-8.1,-10,-12.9,-22.6,-8.5,-11.9,-18.2,-6.4,-2.6,3.9,5.7,5.8,-0.2,3.6,-8.2,-15.4,-20.7,-25,-25,-33.4
9-Mar,-3.5,-4.1,-4.9,-1.7,-6.3,-5.8,-18.6,-8.9,-9.5,-7.5,-6.9,-5.3,-5.2,-2.7,-2.6,-7,-10,-12.7,-23.1,-7.6,-10.6,-17.2,-6.1,-1.8,3.9,6.2,6.2,-0.2,3.9,-7.6,-14.6,-20.2,-25.5,-24.4,-34.8
10-Mar,-4.8,-3,-4.5,-1.3,-5,-4.3,-17.4,-7.9,-8.2,-5.9,-5.3,-3.9,-4.2,-2.4,-2.5,-8,-8.8,-11.4,-22.4,-6.3,-8.8,-16.5,-6.3,-2.4,4.1,6.4,6.3,-1.2,3.9,-7,-14.3,-20,-25.6,-23.8,-34.2
11-Mar,-3.9,-2.6,-3.8,-0.8,-4.3,-3.7,-17,-8.4,-8.6,-6.4,-5.3,-4.4,-5.4,-3.3,-2.6,-6.8,-7.8,-10.8,-22.1,-5.9,-9.2,-15.9,-6.3,-3.1,4.3,6.3,5.9,-1.7,3.8,-7.6,-14,-19.8,-25.1,-24.2,-32.9
12-Mar,-3.4,-3.5,-4.5,-1.5,-5.1,-4.8,-17.9,-8.5,-9.2,-7.6,-7.2,-4.9,-5.5,-2.5,-1.5,-7.5,-7.2,-9.8,-21.9,-6.7,-8.5,-15.3,-6.6,-2.9,4.3,6.2,6.2,-1,3.9,-7,-13.4,-18.4,-25.2,-23.8,-32.2
13-Mar,-4.2,-3.1,-5,-0.9,-5.5,-4.3,-18.3,-7.2,-8.1,-6.2,-5.5,-3.6,-3.8,-1.2,-1,-6,-6.9,-9.4,-20.7,-6,-8,-15.4,-5.7,-2.2,4.4,6.4,5.9,-0.7,3.7,-5.4,-13,-18.8,-26.1,-24.2,-32
14-Mar,-4,-2,-3.9,-0.1,-4.1,-3.1,-17.9,-6.4,-7.2,-4.9,-3.7,-2.6,-2.8,-0.6,-0.3,-5.3,-7.2,-9.8,-21,-5.6,-8.1,-14.7,-5.3,-2.1,4.5,6.5,6.2,-0.8,3.7,-6.8,-14.2,-19.3,-26.5,-25.4,-31.7
15-Mar,-3.6,-2,-2.9,0,-3.1,-3,-16.3,-5.9,-7.4,-5.2,-4.2,-2.6,-2.6,-0.6,-0.2,-5.6,-6.9,-9.9,-21.5,-5.9,-8,-15.1,-5.5,-2,4.8,6.6,6.3,-0.9,3.5,-7.3,-14.2,-19.2,-25.2,-25.1,-31.1
16-Mar,-2.2,-1.9,-2.8,0,-3.4,-2.6,-16.5,-7,-7.5,-5,-5,-3.2,-3.5,-1.2,-1,-5.4,-7.5,-10,-20.4,-5.6,-8.1,-16,-5.3,-1.6,5.2,7,6.5,-0.2,3.4,-6.9,-14,-18.7,-23.6,-24,-31.7
17-Mar,-1.5,-1.4,-2,0.4,-3,-2.2,-16.5,-6.2,-7.2,-4.5,-4.5,-3.1,-3.2,-1.3,-1.5,-5.7,-6.6,-9.1,-20.6,-4.6,-6.4,-14,-3.9,-1.5,5,6.4,6.5,0,3.9,-7.8,-14,-17.9,-22.8,-24.2,-31.5
18-Mar,-1.8,-1.7,-3.1,0.1,-3.2,-2.6,-16,-5.5,-6.7,-4.8,-5,-3.5,-3.4,-1.9,-1.5,-5.1,-5.6,-8.3,-20.1,-4,-6.4,-15.3,-3.5,-1.3,5,6.8,6.5,0.4,3.8,-6.2,-12.6,-18.2,-23.4,-23.9,-31.1
19-Mar,-2.4,-1.6,-2.8,0.5,-3,-2.1,-15.3,-4.4,-5.6,-4.1,-3.8,-2.2,-2.6,-0.8,-0.7,-4.6,-5.4,-9.1,-19.8,-4.7,-7.4,-15,-3.4,-1,5.5,6.8,6.4,0.5,3.9,-5.9,-12,-18,-23.7,-24.1,-30.9
20-Mar,-2.1,-1,-2.7,0.5,-2.8,-1.6,-16.3,-5,-5.9,-4,-3.2,-2.3,-2.8,-0.4,-0.5,-4.8,-5.7,-8.8,-18.9,-4.6,-7,-14.7,-3.6,-0.9,5.8,7,7.1,0.6,4.7,-6.7,-12.2,-17.6,-23.4,-23.6,-30.5
21-Mar,-2.4,-1.7,-3,0.4,-3.2,-2.2,-15.7,-4.6,-5.7,-3.8,-2.9,-1.8,-2.2,-0.6,-0.4,-5.1,-4.8,-8.2,-19,-3.9,-6.8,-14.6,-3.9,-1.1,6.1,6.7,7,0.4,4.3,-6,-11.8,-17.5,-23.1,-23.4,-30.7
22-Mar,-2.1,-1.1,-2.6,0.7,-2.6,-1.4,-15.2,-4,-4.7,-3,-2.8,-1.2,-1.4,-0.2,0,-4.4,-4.8,-8.8,-18.7,-4.6,-7.4,-15.5,-4.7,-1.8,5.5,6.9,6.8,0.4,4.2,-6.8,-10.1,-16.6,-23,-23.2,-30.9
23-Mar,-2.1,-0.4,-1.9,1.3,-2.4,-0.9,-14.1,-3,-4,-2.7,-2.6,-0.5,-0.5,0.8,1,-4.4,-5.2,-7.9,-18.7,-3,-6.5,-14.6,-3.7,-1.5,6.1,7.1,6.7,0.4,3.7,-5.7,-9.9,-16.5,-22.9,-23,-30.3
24-Mar,-1.3,0.2,-1,1.3,-1.2,-0.1,-12.3,-2.3,-3.2,-1.9,-1.8,-0.2,-0.5,0.6,0.2,-4.7,-4,-6.7,-19.2,-2.7,-5.4,-12.8,-4,-1.3,5.6,6.4,6.2,-0.1,4,-5.4,-9.2,-16.3,-22.7,-22.7,-29.6
25-Mar,-1,-0.1,-1,2,-1.1,0.4,-11.8,-2.5,-2.3,-1.7,-1.4,0.2,-0.3,0.8,0.6,-4.1,-3.5,-7.3,-19.5,-3.6,-6.1,-13.7,-3.5,-1.7,5.3,6.6,6.5,0.3,3.8,-4.6,-9.5,-16.9,-22.3,-21.4,-29.1
26-Mar,-0.5,1.1,-0.1,2.2,-0.3,1,-12.2,-2.4,-2.9,-1.6,-0.8,0.3,-0.2,1.2,1.2,-3.2,-3.7,-8.3,-18.7,-3.2,-6.4,-12.1,-2.6,-1,6.1,6.8,6.7,0.9,3.8,-4.8,-9.4,-16.2,-21.5,-21.6,-28.1
27-Mar,-0.3,0.9,0.1,2.1,-0.3,0.4,-11.6,-2.4,-2.8,-2.3,-1.5,0.1,-0.1,1.5,1.5,-2.7,-3.5,-7.5,-16.9,-2.9,-5.9,-10.9,-2.4,-1,6.4,7,6.8,1.2,4,-4.7,-7.9,-15,-21.4,-22.3,-28
28-Mar,-0.5,0.6,-0.4,1.6,-0.6,0.8,-11.4,-1.3,-2,-1.1,-0.8,1.2,0.9,2.5,3,-2.1,-3.3,-6.4,-17.1,-3.2,-5.3,-10.4,-2.1,-0.6,6,6.7,7,1.7,4.6,-3.5,-7.8,-14.6,-20.7,-21.3,-28.4
29-Mar,-0.3,1.2,0.1,1.9,-0.3,1.4,-11,-1.1,-2.1,-0.9,0.3,2.1,1.8,3.7,4,-1.9,-3.5,-5.7,-16.4,-2.4,-4.1,-10.5,-0.9,0.8,6.8,7.4,7.3,2.5,4.9,-2.7,-6.7,-13.5,-19.4,-20.5,-28.9
30-Mar,-0.4,1.6,-0.3,2.8,-0.2,1.4,-11.7,-0.6,-1.6,-0.4,0.9,2.5,1.8,3.4,3.5,-1.7,-2.2,-5,-16.1,-1.2,-3.7,-10,-0.3,1.9,7.4,7.9,7.6,2.6,4.7,-2.5,-6.8,-13,-18.6,-20,-28.1
31-Mar,-0.2,0.5,-0.8,2.4,-0.7,1.1,-10.3,-0.4,-1.7,-0.6,0.5,2.2,1.4,2.4,2.7,-1.6,-2.2,-5.7,-16.6,-1.4,-3.8,-9.5,-0.5,1,7.6,7.5,7.5,2.7,4.5,-3.1,-6.7,-12,-17.8,-19.5,-27.6
1-Apr,-0.5,1.1,-0.6,2.6,0,1.7,-10.3,-1,-1.7,-0.8,0.3,2.1,1.8,3.2,3.3,-1.5,-2.6,-6.1,-15.5,-0.8,-3.7,-9.4,-0.5,1.6,8.3,7.6,7.6,2.9,5,-3.2,-7.6,-11.6,-18.4,-19.4,-28.3
2-Apr,-0.3,2.1,-0.1,2.8,0.3,1.6,-11.1,-0.9,-1.8,-0.8,0.5,1.8,1.6,3.3,3.4,-1.5,-1.9,-4,-13.8,-0.5,-2.3,-10.1,-0.2,1,8,7.9,7.6,3,4.9,-2.4,-6.7,-13.3,-18.6,-20,-29.3
3-Apr,-0.8,1.8,-0.5,3.3,0.4,1.6,-7.7,-0.3,-1.5,-0.1,1.1,2.2,1.6,2.8,2.8,-1,-1.5,-4.3,-15.1,-0.2,-2.4,-8.9,0.8,1.8,7.3,7.9,7.6,3,5.3,-1.3,-6.3,-12.4,-19,-19,-29.8
4-Apr,-0.4,2.3,0.1,3.7,0.7,2,-9.6,0.2,-0.6,0.4,1.8,2.8,2.2,3.4,3,-0.4,-0.6,-2.8,-15.8,0.9,-0.9,-8,1.6,2.6,8.1,8.1,8,3.5,5,-1.5,-4.9,-11.7,-18.8,-18.3,-29
5-Apr,0.1,2.6,1.3,3.7,1.4,2.4,-9.7,0.9,0,0.8,1.6,3.1,2.7,3.6,3.3,0.1,0.4,-3.2,-15,1.7,-0.4,-8,1.5,2.6,8.5,8.5,8.1,4.2,4.9,-2.2,-4.2,-11.4,-19,-18.3,-28.6
6-Apr,1.1,3.1,1.6,3.8,1.2,2.6,-10.3,-0.4,-0.8,0.4,0.9,2.5,1.8,3.3,3.3,0.4,1,-2.8,-14.6,2.2,-0.3,-6.5,1.2,3.2,8.1,8.1,7.7,3.6,5,-1.4,-3.7,-11,-18.2,-18.7,-27.9
7-Apr,0.9,2.7,1.3,3.7,1.4,2.3,-10.9,-0.3,-0.9,0.2,0.9,2.9,2.7,4.1,3.9,0.1,2.1,-1.8,-14.6,2,0.2,-6.6,1.8,2.3,7.8,8,7.4,3.6,5.2,-1,-3.5,-10.4,-16.8,-18.1,-26.8
8-Apr,1.2,1.7,0.7,3,0.7,1.5,-10.6,-0.1,-0.5,0.5,0.6,2.8,2.8,3.4,3.4,-0.2,2.5,-1.2,-14.1,2,0.8,-4.7,2,2.8,8.1,8.2,8,3.4,5.2,-1.1,-3.1,-9.7,-17.9,-18.6,-26.8
9-Apr,0.5,1.9,1.2,3.2,0.6,2,-10,-0.2,-0.5,0.9,1.2,3,3.1,4,4.1,0.7,2.2,-1.7,-12.9,2.9,0.5,-4.7,1.6,3.1,8.5,8.5,8.3,3.3,5.3,-1.3,-2.8,-9.4,-16.9,-18.5,-26.7
10-Apr,1,2.4,1.6,3.7,1.4,2.5,-10,0.7,0.4,1.6,2.1,3.8,3.3,4.1,3.7,1.4,1.9,-2.2,-14.1,2.9,0.7,-4.8,1.8,2.8,9,8.2,7.9,3.2,4.9,-1.4,-3.5,-8.9,-17,-17.5,-25.5
11-Apr,1.1,2.8,1.4,3.8,1.3,2.8,-8.8,0.9,-0.2,1.3,1,3.1,3,4,4.3,1.5,2.9,-1.5,-13.6,3.4,1,-4.5,1.9,2.6,8.2,8.2,7.6,3.2,4.7,-1.3,-4,-7.9,-17.6,-17.4,-24.6
12-Apr,0.7,2,0.6,3.3,0.7,2.5,-9.3,1.7,0.8,1.9,1.5,4.1,4.3,4.7,5.1,1.3,3.4,-0.5,-10.4,3.4,1.8,-2.7,2.3,3.5,8.8,8.2,7.8,3.7,4.9,-1.3,-3.5,-7,-16.9,-17.2,-24.7
13-Apr,0.2,2.2,0.5,3.5,1,2.8,-9.1,2.9,2.2,2.5,3.4,5.3,5.2,6,6.5,2.6,3.5,0.7,-8.8,4.1,2.4,-1.9,3.2,4.2,9,8.7,8.4,3.7,5.4,-0.5,-2.8,-7.5,-16.2,-14.6,-25.1
14-Apr,0,2.5,1,3.8,1.6,3.4,-7.8,3.6,2.5,3.2,4.1,5.9,6.1,6.5,6.7,2.6,4.4,1.4,-9.7,4.5,3.5,-3.2,4.1,4.8,9.8,9,8.8,4.8,5.2,-0.6,-2,-7.6,-15.5,-13.9,-24.4
15-Apr,0.7,3.8,1.5,4.6,2,4.3,-7,4,4.6,3.7,4.7,6.6,6.4,6.5,6.8,4,4.7,1,-10.7,4.8,3.5,-2.7,4.1,5,9.6,8.9,8.7,4.6,5.2,0.4,-1.7,-6.3,-16.4,-13.2,-23.9
16-Apr,1.1,3.9,2.1,5.1,2.9,4.9,-6.8,4.4,3.6,4.1,5.1,6.8,6.9,6.5,6.3,4.5,5,0.6,-10.8,4.1,2.7,-2.6,3.7,4.5,9.4,8.9,8.6,5.3,5.7,0.8,-0.9,-6.7,-15.9,-12.7,-23.2
17-Apr,1,4.4,2.3,5.2,3.3,5.3,-7.5,4.7,3.9,4.7,5.8,7.4,7.2,7,7.1,3.7,4.9,1.2,-9.5,4.8,3.2,-2.2,4.4,4.6,9.4,8.7,8.3,4.7,5.3,0.8,-0.3,-5.7,-16.2,-12.8,-21.8
18-Apr,1.4,4.4,2.5,5.3,3.2,4.7,-7.1,3.7,2.5,3.8,4.9,6.6,6.3,7,7.1,3.4,5.3,2.1,-8.5,5.5,3.8,-2,4.3,4.4,9.6,9,8.1,4.8,5.4,0.8,0.5,-5.1,-14.5,-13,-21.5
19-Apr,1.6,4.4,1.8,5.2,2.5,4.7,-6.9,3.4,3.4,4.4,5.3,7,7,7.5,8.7,3.5,6,2.2,-8.6,5.1,4.8,-1,5.1,4.8,9.7,9,8.2,5.2,5.9,1.1,0,-4.8,-14.4,-12.8,-22
20-Apr,1.2,4.7,2.4,5.4,3.1,5,-6.4,4.1,3.3,5,5.6,7.1,7.3,7.9,8.6,4.1,5.7,2.4,-8.2,5.7,4.3,-1.1,5.2,5,10.2,9.2,8.8,5.6,5.7,1.4,0.4,-3.4,-13.8,-11.9,-21.6
21-Apr,2.3,5.2,3.5,6,4,6,-6.5,5,3.9,5.2,5.9,7.6,7.6,7.5,8.5,4.5,5.7,3.2,-6.8,5.9,5.2,0.1,5.5,5.6,10.5,9.5,8.7,5.6,6,2,0.7,-2.5,-13.3,-11.2,-21.1
22-Apr,2.6,4.8,3.3,5.8,3.7,5.3,-5.6,3.9,3,4.6,5.5,7.2,7.6,8,7.7,4.5,5.6,3.6,-7.3,6.6,5.7,1,5.9,6.1,10.6,9.6,9.1,6.1,6.3,1.7,1,-3,-12.6,-10.7,-21
23-Apr,2.3,4.7,2.6,5.7,3.4,5.3,-4.5,4.9,4.1,5.1,5.1,7.4,7.5,7.7,8,4.6,6.6,3.4,-7.4,7.2,6.1,1.4,6.8,6.5,11.2,10,9.2,6.1,6.2,1.9,1.7,-2.6,-11.4,-10.6,-20.4
24-Apr,2.1,4.2,2.9,5.5,3.2,4.8,-3.9,4.4,3.6,4.7,5.3,7.2,7.6,7.7,7.4,4.9,6.5,3.9,-6.3,7.5,6.5,2.1,6.6,6.3,10.7,9.4,8.8,6.5,6.6,3,2.8,-2.8,-10.7,-10.5,-19.9
25-Apr,1.7,4.7,1.8,5.7,3,5.5,-3.7,5.2,4.7,5.7,5.9,7.6,8.1,8.6,8.6,5.6,7,3.4,-7,7.2,5.5,1.9,6.1,5.9,10.5,9.4,9.3,6.7,6.8,3.4,3.3,-2.4,-10.7,-8.1,-20.1
26-Apr,2.5,5.2,3.3,5.7,4,6.3,-4.2,5.5,5.4,6.3,6.1,8.4,8.4,8.9,9.2,5.2,6.6,3.2,-7.1,6.7,5.6,2.4,6.3,5.1,10.5,9.9,9.6,7,6.8,3.8,3.7,-1.8,-11.3,-8.1,-19.9
27-Apr,3.5,5.7,4.2,6.6,4.8,6.9,-5.1,6.5,5.8,7,7.4,9.4,9.4,9.3,9.2,5,6.2,4.1,-5.5,6.5,5.7,3,6.7,5.9,12,10.5,10.1,7.2,6.6,3.8,3.6,0,-11.8,-8.7,-19
28-Apr,3.4,5.4,3.5,6.9,4.1,6.8,-4.4,6.3,5.6,6.9,7.6,9.5,9.4,9.2,9.5,5.4,7,5,-4.4,6.7,6.6,3.4,6.8,6.2,11.4,10.2,9.6,7,7.1,4,3.4,0.5,-11.7,-7.8,-18.7
29-Apr,2.7,5.6,3.7,6.6,4.3,6.7,-3.2,7.6,6.4,7.6,8,9.8,9.6,9.3,9.5,5.9,7.1,3.9,-5.4,6.5,6.5,2.9,7,6.5,11.4,10.5,9.7,6.9,7,4,4,0,-10.8,-6.9,-17.8
30-Apr,2.8,6.4,4,7.4,5.3,7.6,-2.5,7.2,6.8,8,8.6,10.7,10.5,9.7,10.1,5.6,7,3.9,-6.1,7.3,6.5,2.9,7.5,7,11.7,10.5,10,7.5,7.2,4,4.4,0.2,-9.9,-5.8,-17.3
1-May,3.7,7,4.8,7.7,5.6,8.5,-2.3,7.5,6.6,8.4,8.7,10.6,10,8.9,9.1,4.9,7.6,4.4,-5.2,7.5,6.5,2.1,7.9,7.6,12.1,10.7,10.2,7.7,7.2,3.9,4.5,-0.2,-8.9,-5,-17.1
2-May,4.8,7,5.6,7.4,6.2,7.7,-2,6.1,5.4,7.2,7.4,9.3,9.3,8.9,9.2,5.6,7.8,4.6,-5.6,7.9,7.2,2.4,8.1,7.4,11.9,10.9,10.4,7.6,7.4,4.3,4.8,0.4,-7.8,-4.8,-17
3-May,4.7,6.7,5.6,6.8,6.2,7.8,-1.9,6.1,5.4,7.2,7.4,9.4,9.2,8.9,8.6,6.2,8.1,4.9,-4.9,8.3,7.6,3.1,7.9,7.6,11.9,10.7,10.1,7.5,7.4,4.1,4.9,1.3,-7.6,-5.4,-16.5
4-May,4.6,7.2,5.3,7.5,6.3,7.5,-2.2,6.4,6,7.8,7.2,9.6,9.5,8.9,8.9,6.6,9.1,5.8,-5.1,8.8,8.1,3.4,7.9,7.4,12.3,10.9,10,8.2,7.4,4.5,5.1,1.2,-6.5,-5.2,-15.3
5-May,4.5,7.2,5.5,7.5,6.3,7.6,-2,6.9,6.9,8.1,7.3,10.1,10.2,10.4,11,6.6,8.4,5.9,-3.9,8.4,7.2,3.3,8.7,8.3,12.6,10.9,10.4,8.2,7.2,4.8,5.2,1.9,-7,-4,-14.6
6-May,5,7,5.4,7.6,6.3,8.1,-1.6,7.4,6.8,8.6,8.4,10.4,10.5,10,10.2,5.8,8.9,6,-3.3,9.2,8.7,3.9,8.8,8.4,13.2,11.3,11,7.9,7.8,5.6,5.8,2.3,-7.4,-4.2,-14
7-May,3.6,7.1,4.8,7.4,5.9,8.1,-1.9,7.5,6.6,8.2,7.5,10.2,10,9.5,10.2,7.5,9.4,6.7,-3.7,9,8.6,3.8,8.9,7.8,13.3,11.4,10.8,8.5,8,5.2,5.8,2.9,-6.5,-3.5,-13.9
8-May,2.8,7,5.1,7.5,6.6,8,-0.8,7.7,7.3,8.8,8.5,10.7,10.5,10.1,11,7.4,8.8,6.6,-3.3,9.3,8.8,4.5,9.1,8.5,13.6,11.5,11,9,7.8,5,5.8,2.9,-6.3,-3.9,-13.5
9-May,4.2,7.5,5.8,8.5,7.2,9.5,-0.9,8.6,8.4,9.8,10.4,12.4,12.3,11.8,11.8,6.8,9.7,6.5,-3.3,9.8,8.6,4.8,9.2,8.8,13.3,11.7,10.8,8.7,7.5,5,5.6,2.4,-6.3,-3.6,-13.2
10-May,4.6,7.9,6,8.5,7.5,9.8,-0.8,8.2,7.2,9.7,9.6,11.9,12.1,11.9,11.6,7,10.1,7.1,-2.8,9.3,8.3,4.7,9.2,8.2,13.3,11.7,10.9,8.9,7.8,5.7,5.5,3.1,-5.6,-3.5,-12.1
11-May,5.6,8.4,6.7,8.7,8,9.5,-0.2,8.5,7.9,9.5,9.8,11.7,11.4,11.6,12.1,8.4,9.7,7.4,-2.3,9.3,8.9,6.4,9.9,8.2,13.4,11.7,11.2,9.2,7.7,5.9,6.1,3.7,-5.7,-3.7,-11.4
12-May,5.4,8.6,7.2,9,8.9,10.6,0.2,9.1,8.8,10.7,10.9,12.7,12.5,11.3,11.9,8.4,10.1,8.1,-2.2,10.6,10.1,5.9,9.9,9.4,13.3,11.8,11.3,8.9,8,6,6.5,4.1,-5.4,-3.5,-11.7
13-May,5.6,9.3,7.2,9.2,8.8,10.5,0.9,10,8.9,10.4,10.2,12.6,12.4,11.1,11.5,8.6,11.3,8.7,-2.4,11.1,10.5,5.8,9.9,9.4,13.4,11.6,11,8.5,7.9,5.9,6.4,4,-5.3,-3.3,-11.5
14-May,6.3,9.6,7.4,9.1,8.6,10.6,1.6,9.8,9,10.3,9.6,12.2,12.5,12,12.5,8.4,11.4,8,-1.5,11.4,9.8,6.3,10.1,9.5,13.2,11.6,10.9,8.3,7.8,6.4,6.8,3.9,-5,-3.2,-11.4
15-May,6.4,9.8,7.4,9.7,8.4,11.2,1.8,11.3,10.4,11.5,11.1,13.5,13.2,12.1,13.2,9.3,11.2,8,-2,11.6,9.8,6.1,9.3,9.3,13.5,12.1,11.4,9.3,8.2,6.8,7.1,4,-4.3,-2.1,-11.3
16-May,5.8,9.5,7.7,9.7,9.5,11.7,2.5,12.1,10.8,12.3,12.3,14.3,14.1,13.4,13.3,9.5,12,8.2,-2,11.9,9.7,7.2,9.9,9.5,14.4,12.4,11.9,10.1,8.4,6.4,7.4,4.8,-3.8,-0.3,-11.1
17-May,6.8,9.8,8.1,10.2,9.4,11.6,1.3,11.8,10,12.2,12.4,14,13.7,13.3,13.1,9.4,12.8,8.3,-1.8,12.6,10.8,7.1,10.5,10.3,14.2,12.3,11.8,9.5,8.5,6.4,7.9,6,-3.8,0.7,-10.9
18-May,6.3,9.6,8,10.1,8.6,11,1.6,11.2,9.9,11.3,11,13,12.9,12.7,13.3,10.4,12.6,8.4,-1.2,12.1,10.3,6.7,10.4,9.8,14.6,12.7,12.3,9.7,8.6,6.9,8.5,5.4,-4.1,1.2,-10.5
19-May,6.6,9.6,8.3,9.9,10,11.9,2.4,12.2,10.5,12.1,12.5,14.2,14.4,14.1,14.4,9.4,11.5,9.1,-0.5,11.8,10.6,7.9,10.7,10,15.1,13.2,12.4,10.5,8.6,7.3,8.8,5.5,-4.4,1.4,-10.6
20-May,6.6,11.1,9.1,10.1,10.2,12.5,2.4,11.9,10.7,12.2,13.1,14.7,14.4,13.8,13.9,10,12.7,10.2,-0.5,12.9,11.2,9.2,11.1,10.6,15.7,13.2,12.9,10.6,8.7,7.6,8.5,6.8,-4.3,0.9,-10.6
21-May,6.8,11.4,9.2,10.2,10.8,12.8,2.1,11.4,10.6,12.4,12.2,14.4,14.4,13.5,13.7,10.7,14,10.7,0.3,13.6,12.5,9.4,11.3,11,15.4,13,12,10.4,8.7,7.5,8.5,7.2,-4,1.5,-10.4
22-May,6.1,11.4,9.9,10.6,10.6,12.6,0.8,11.4,10.6,12.3,12.2,15,15.3,14.5,14.5,10.8,14.2,11.4,0.7,13.6,12.8,9.5,12,11.4,15.4,12.8,12,10.5,8.8,7.2,8.9,7,-4.1,2.3,-9.5
23-May,6,11,8.6,10.2,9.6,12.2,1.3,11.3,10.6,12.4,12.1,14.8,14.8,14.3,14.5,11.3,14.2,11.4,1.7,13.9,12.3,9.9,12,11.6,14.9,12.6,11.9,10.1,9.2,7.5,9.6,7.3,-4.2,1.3,-8.9
24-May,6.2,10.4,7.6,10.5,9.2,12.2,2,12,11.3,12.6,12,14.6,14.9,14.6,14.8,11,14,10.6,2.3,14.2,12.3,9.8,12.1,11.1,14.6,13,12.2,10,9.3,7.9,9.5,8.3,-3.7,1.6,-8
25-May,5.7,10.4,8.3,10.5,9.6,11.8,2.1,11.4,10.5,12.4,12.1,14.7,14.5,14.4,15,10.6,14.3,11.6,2.9,13.4,12.9,10.8,12.4,11.5,15.4,13.5,12.6,10.8,9.3,8.5,10,8.3,-2.6,3.4,-7.7
26-May,6.1,10.5,8.8,10.4,9.8,11.6,2.6,12,10.7,12,12,14.3,14.3,13.6,14.2,11,13.8,12.3,3.1,13.3,12.7,9.6,12.4,11.7,15.8,13.2,12.3,11,9.3,8.5,10.6,7.3,-1.5,4.5,-8
27-May,7.1,10.8,8.6,9.9,10.4,12.2,3.5,12.6,11.4,12.7,12.7,14.8,15,13.6,13.8,11.4,14.7,12.6,2.2,14.1,13.6,10.2,12.5,11.5,15.7,13.3,12.1,11.1,9.8,9.2,10.8,8.1,-0.1,4.1,-7.1
28-May,7.2,11.5,8.9,10.3,10.6,13.1,3.8,13.1,12.4,13.6,12.5,15.2,15.1,14.8,14.9,11.4,15.4,12.5,2.2,13.8,13.3,10.1,11.8,11.2,15.3,13.5,12.9,11.2,10,9.5,11.5,8.3,-0.6,4.3,-6.4
29-May,7.4,12.9,10.5,11.7,12.3,14.4,3.7,13.4,12.8,13.8,12.9,15.3,15.2,14.8,14.8,11.7,15.1,11.6,2.3,14.1,12.9,9.5,12.8,12.1,16.4,13.7,13.1,11.8,9.9,9.5,11.6,9.3,-0.4,5.4,-5.8
30-May,8.4,12.8,10.8,11.4,12.1,13.6,4.3,13.5,12.7,14,14.1,15.9,15.8,15.5,15.4,12.4,14.9,11.2,2.2,14.5,13.1,10.1,12.8,11.9,16.8,13.7,12.9,12,9.9,10,11.4,9.6,0.4,6.6,-5.3
31-May,8.7,12.7,10.2,11.8,12,14.2,3.9,13.7,12.1,13.7,14.4,16.3,16.3,16.1,16.1,11.8,15,11.6,2.5,14.3,13,10.7,12.3,11.8,17,14,13.3,12.5,10.3,10.1,11.6,10.3,0.3,7.4,-5
1-Jun,8.3,12.5,10.6,12.3,12.1,13.8,4,12.4,12.1,13.2,14,16,15.6,14.7,15.4,11.3,14.7,11.9,3.3,14.4,13,11.8,13.5,13.1,17.5,14.2,13.5,12.6,9.8,9.9,11.5,10.6,0.2,7.2,-5
2-Jun,8.8,12.6,10.4,11.7,12.1,13.9,5.6,13.6,13.1,14.1,13.8,16.1,15.9,14.9,15.2,11.8,15.1,12.6,3.8,15.2,13.7,12.1,13.9,13.3,17.5,14.2,13.2,12.2,10.2,9.8,11.3,10.4,0.5,6.7,-4.1
3-Jun,9.5,12.9,11.1,11.7,12.4,14.6,5.4,14.7,13.7,15,13.3,15.9,15.6,15.2,14.9,12.6,16.5,13.6,4.7,15.2,14.1,11.9,13.4,13.1,17,14.4,13.3,12.9,10.2,9.7,11.7,10.2,0.9,7,-4.1
4-Jun,9.2,13,11,11.9,12.1,14.2,5.1,14,13.3,14.6,13.4,16.1,16.3,15.6,15.8,12.7,16,13.9,3.6,15.3,14.5,12,13.7,13.4,17.1,14.4,13.6,12.8,10,10.6,11.8,11,0.9,7.1,-3.7
5-Jun,8.3,12.6,10.6,12,11.6,14.3,5.4,14.4,13.7,15.2,14.2,16.6,16.8,16.2,16.6,13.3,16.7,14.2,3.5,16.4,14.3,11.8,14,13.4,17.4,14.7,14.1,12.7,10.2,10.5,12.7,11,1,7.7,-3.9
6-Jun,8.6,12.8,11.2,12,12.2,13.9,6.3,14,13.5,14.2,13.8,16.3,16.5,16.9,17.3,13.4,16.4,13.3,3,15.3,14.2,10.8,13.2,12.7,17.6,14.9,13.8,12.4,10.4,11.2,13,11.2,1.4,8.9,-3.4
7-Jun,8.6,13.3,10.7,12.2,12.5,14.6,6.7,15.2,14.7,15.3,14.6,17.4,17.4,17.3,17.6,13.1,15.5,12.2,3.8,15.5,14,10.7,13.7,13,17.8,14.7,14.1,13.1,10.2,10.9,12.4,11.2,1.5,9.3,-3.1
8-Jun,9.8,13.9,11.8,12.2,13.4,15.5,6,14.8,14.1,15.3,14.7,17,17.4,17.1,17.6,12.6,14.9,13.2,4,15.3,13.7,11.1,14.6,13.2,17.6,14.5,13.6,12.7,10.3,10.7,12.5,11.5,1.8,9.1,-2.7
9-Jun,9,14.2,11.8,12.8,13.2,15.2,5.8,14.4,13.8,15.1,14.3,16.8,17.1,17.1,17.6,12.2,15.4,13.2,4.3,16.4,15,11.2,13.8,13.2,17.5,14.5,13.6,12.6,10.4,11.1,12.3,11.4,2,9.1,-2.4
10-Jun,8.7,13.3,11.6,12.1,12.8,14.7,5.8,13.9,14,15.2,14.4,17.1,17.3,16.9,17,13,16.3,13.5,4.9,16.4,14.8,11.2,13.7,13.5,17.4,14.8,13.9,12.1,10.5,11.3,13.2,11.6,2.2,9.5,-2
11-Jun,8.8,13.9,11.7,12.6,12.9,15.2,5.5,14.5,13.6,15.3,14.4,16.8,17,16.4,17.1,13.6,17.4,14.4,3.9,16.4,14.9,11.9,13.7,13.1,17.3,14.8,13.9,12.7,10.6,11.3,13.4,12,2.3,9.9,-1.4
12-Jun,9.1,13.7,11.7,12.7,13,15.2,6.3,16.1,15.2,16.3,14.8,17.1,17.3,17.2,17.6,13.4,17.1,13.9,4.5,16,14.5,12.2,13.6,13.1,17.3,14.8,13.8,12.7,10.7,11.9,13.7,11.9,2.8,10.6,-1.1
13-Jun,9.8,14,12,13,13.7,15.6,7.6,16.1,15.1,16.3,15.3,18,18.1,17.5,17.8,13.7,16.6,13.1,4.9,15.8,13.9,12.4,13.8,12.9,17.6,14.9,13.9,12.4,11.3,12.2,14,12.6,2.8,11.5,-0.4
14-Jun,10.1,13.5,12.2,12.9,13.3,15.6,8.2,15.6,15.1,16.6,15.8,18.5,18.4,17.9,17.9,13.8,15.5,13.5,6.1,15.2,14.1,13,13.5,13.2,18.3,15.5,14.7,13.6,11.5,12.6,14.1,13.6,3.4,12.7,-0.6
15-Jun,10.6,15,13.2,13.1,14.4,16.6,8,16.9,16.2,17.2,16.5,18.5,18.2,18.1,18.4,13.4,15.3,14.6,7.2,15.5,14.7,13.9,14.5,13.9,18.9,15.5,14.6,14,11.1,12.1,14.1,13.6,3.8,11.8,-0.3
16-Jun,12.1,15.4,14.5,13.5,15.3,16.8,8.7,16.6,15.8,17,16.1,18.2,18,17.5,17.4,13.2,16.6,15.6,7.7,15.9,15.4,13.5,14.5,13.9,18.8,15.2,14.4,13.5,11.3,12,13.9,13.8,3.8,11.8,0.3
17-Jun,11.9,15.3,14.1,13.6,15.3,17.3,9.5,16.2,15.9,17.3,16.3,18.6,18.6,17.7,17.7,13.6,16.9,15.4,6.1,16.4,15.4,14.1,14.6,14.2,19,15.6,14.9,13.9,11.2,11.8,14.1,13.9,4,11.6,-0.1
18-Jun,11.2,15.5,14.5,13.4,15.7,17.2,9.4,17.2,17,17.3,16.4,19,18.7,18.3,18.7,14.3,17.3,14.9,6.5,16.4,15.3,13.5,14.7,14.8,19.6,15.9,15.1,14,11.3,11.8,13.8,13.9,4,11.8,0.3
19-Jun,13,16.2,15.2,13.9,16.7,17.6,9.7,17.1,17.3,17.8,17,19.3,19.1,18,18.3,14.3,16.6,15.2,8.6,16.2,15,14.1,14.4,14.9,19.7,16.1,15.2,13.6,11.3,11.8,14.1,14.2,4.2,12.3,0.3
20-Jun,13.4,16.6,15.5,14.6,16.4,17.5,10,17.4,16.5,17.6,16.4,19,18.8,17.5,18,13.6,17.4,15.9,8,16.9,15.8,13.9,14.5,14.4,19,15.8,14.8,13.6,11.5,12.3,14.4,14.5,4.2,11.8,1
21-Jun,13.1,16.4,14.8,14.7,16.2,17.2,10.3,16.7,15.9,16.9,16.2,18.6,18.5,17.5,17.5,14.1,17.6,15.9,6.7,17.3,15.9,13.8,14.8,14.6,19,15.6,14.9,13.8,11.1,11.7,14.3,14,4.1,11.6,1
22-Jun,11.6,16.3,13.8,14.7,16.1,17.4,11.1,17.1,16.6,17.3,16.3,19,18.7,18,17.9,14.6,17.7,16,7.8,17.2,16.2,14.7,14.9,14.6,19,15.8,14.8,13.8,11.2,12,14.2,14,4.4,12.6,1.1
23-Jun,11.9,15.9,14.4,14.6,16.4,17.8,10.9,18.4,17.4,17.7,16.8,19.6,19.4,18.5,18.4,14.7,18.1,15.5,7.5,17.3,16.3,14.4,14.6,15.1,19.2,15.8,14.9,13.7,11.6,12.4,13.8,13.9,4.5,12.1,1.7
24-Jun,11.6,16.3,15.1,14.7,16.3,17.8,10.4,18.1,16.9,17.4,16.5,18.9,18.5,17.9,17.6,15,18.4,16,8.9,18,16.3,15.4,14.6,14.8,18.8,15.8,15.2,13.5,11.6,12.2,14.1,14.8,4.9,11.8,1.8
25-Jun,12.6,16,14.5,14.6,15.6,17,10.2,16.1,15.6,16.2,15.3,18.4,18.4,18.2,18.2,15.2,18.7,16,9.6,17.7,16.4,15.6,14.4,15.1,19.7,16.1,14.8,14,11.5,12.1,14,15.2,5.4,11.4,2.1
26-Jun,11.3,15.7,14.3,14.3,15.5,17,10.5,16.8,16.2,17.2,16,18.8,19,19.2,19.1,15.8,18.6,16.6,9.3,17.6,16.4,15.5,15.1,15.8,19.3,15.4,14.6,13.5,11.6,12.3,14.1,15,5.8,11.8,2.1
27-Jun,12.5,16.3,15.2,14.6,16.3,17.7,11,17.3,16.9,18,16.6,19.7,19.7,19.4,19.6,15.9,18.9,16.8,8.3,18.5,16.8,15.4,14.9,15,18.3,15.4,14.7,13.3,11.4,12.7,14.6,15,6.1,12.1,2.3
28-Jun,12.9,16.8,14.9,14.9,16.4,18.7,11.1,18.1,17.6,18.4,17.2,19.7,19.7,19,19.4,15.5,18.7,16.4,8.6,17.1,16.6,15.3,14.5,14.8,18.7,15.9,15,13.2,11.5,13.2,14.8,15.2,6.3,12.3,2.3
29-Jun,13.3,16.7,15.8,15.2,16.6,18.2,11.6,18.3,17.4,18,16.8,19.9,19.3,19.6,20.1,15.9,18.6,16.7,9.2,17.1,16.4,15.1,14.6,14,18.7,15.8,15,14,12.1,13.6,15,15.8,6.5,13.5,2.1
30-Jun,14,16.7,16,15.6,16.8,18.1,10.9,18.1,17,18.4,17.5,20.3,19.9,19.6,19.8,16.1,18.1,16.9,11.1,17.3,16.4,16.1,14.4,14.2,18.2,15.9,14.9,14,11.9,13.6,15.2,16.3,5.9,13.2,2.4
1-Jul,13.3,16.8,15.4,15.2,16.4,17.9,10.7,17.5,16,17.4,16.8,19.6,20.1,19.4,19.5,16,18.8,17,11,17,16.3,15.8,14.8,15,18.4,16,15.2,13.4,11.8,13.3,14.8,16.4,6.1,12.9,2.9
2-Jul,12.8,17.1,15.8,15.1,16.4,17.9,10.7,18,17.2,17.9,17.3,19.8,20.1,19.6,19.6,16.6,18.3,17.6,10.2,18.1,17.1,16.4,15.5,15.1,18.8,16.5,15.5,14.1,12.1,12.8,15,16.3,6.4,13.6,3.2
3-Jul,13.5,16.7,14.9,15,16.4,17.8,10.6,17.6,17,17.8,16.9,19.4,19.6,19.2,19.6,16.4,19,17.6,11,18.5,17.5,16.5,15.4,15.3,19.4,16.5,15.5,14.7,12.4,13.2,15.5,16.1,6.5,13.4,3.2
4-Jul,13.7,17.2,15.6,15,16.9,18.2,10.6,18.2,17,18,16.9,19.7,19.8,19.6,19.4,16.9,18.7,17.7,11.8,18.7,17.5,17.2,16.1,15.9,19.7,16.5,15.3,14.7,12.3,13.8,15.3,16.2,6.7,14.1,3.5
5-Jul,13.8,16.9,15.8,15.2,17.1,17.9,11.1,17.3,16.4,17.7,16.9,19.7,19.9,19.6,19.7,17.1,20,17.3,11.3,19.2,17.2,17.4,15.9,15.9,19.1,16,15.2,14.7,12.3,13.6,15.6,16.5,7.1,13.7,4
6-Jul,13.8,17,16.1,15.1,16.7,17.8,12.4,17.8,17.4,18.1,16.8,19.9,20.3,19.8,19.8,18,20.3,17.3,10.9,19,17.6,17,15.2,15.5,19,16.2,15.1,15.1,12.6,13.9,15.6,15.9,6.8,13.1,4.1
7-Jul,14,17.6,16.2,15.5,17.2,18.6,13.7,18.5,18,18.9,17.7,20.8,20.9,20.5,20.2,18.1,19.9,17.3,10.9,18.6,17,15.9,15.7,15.7,19.9,16.7,15.6,15.3,12.8,14.4,15.7,15.7,6.4,14,4.2
8-Jul,14.7,18.1,17.1,15.5,18.3,19.4,13.4,19.3,18.7,19.6,18.6,21.5,21.7,21.2,20.9,18.1,19.4,17.5,11.3,18.9,17.4,15.7,16,16.4,20.4,17,15.8,15.1,12.9,14.3,16,16,6.7,14.5,4.2
9-Jul,14.8,18.1,18.3,15.9,18.3,19.5,12.5,18.6,17.8,19.5,18.6,21.3,21.5,21,20.7,17.1,20,17.7,11.2,19.3,17.6,16.3,16.1,16.3,20.5,16.8,15.5,14.7,13,13.8,15.9,16.5,7.2,14.5,4.4
10-Jul,15,18.7,17.8,16.2,18.5,19.6,12.2,17.9,17.4,19,17.8,20.2,20.4,20.4,20.2,17.4,20,17.4,10.4,19.1,17.3,16.6,16,16.3,20.4,16.4,15.2,15,12.9,14.2,16.2,16.8,7.3,15.1,4.2
11-Jul,15.6,18.5,17.4,16.1,18.2,18.8,12,18,17.2,18.4,17.1,20,20.1,20.4,20,17,19.6,17.5,11.4,18.8,18,16,15.7,16,20.1,16.6,15.9,15.4,12.9,14.7,16,17.2,7.7,14,4.1
12-Jul,15.6,17.9,17.1,16.4,17.7,18.6,12.4,18.7,17.9,18.7,17.4,20.4,20.6,20.3,20,17.1,20,17.5,11.7,18.2,17.1,16.3,16.2,16,20.5,17.1,16.3,15.3,12.7,14.3,16.2,17.5,8.4,13.8,4.3
13-Jul,14.9,18.3,16.9,16.4,18.2,19.1,13.2,19.2,18.2,18.9,17.8,20.8,20.8,20.7,20.6,17.1,19.5,17.1,10.8,18.6,17.3,16,15.6,16.2,20.7,17,16.2,15.3,12.7,13.8,16,16.9,7.9,14.3,4.5
14-Jul,15.4,18,17,16.2,18.2,19,12.9,19.2,18.2,18.8,18,20.8,21,20.4,20.2,17.6,18.9,17.4,11.4,18.8,17.2,16.2,15.9,16.1,20.7,17,16,15,12.4,13.9,16,16.6,7.7,14.7,4.5
15-Jul,15.6,18.3,17.6,16.5,18.2,19.7,13.2,18.8,18.1,19.2,18.4,21.1,21.2,20.8,20.2,17.1,20,17.4,11.9,19.2,17.2,16.1,15.8,16.4,20.2,16.7,16.3,14.5,12.9,13.7,15.9,15.9,7.5,14.9,4.5
16-Jul,15.8,19,18,16.5,18.9,20.3,12.7,19.2,18.7,19.9,18.5,21.3,21.1,20.7,20.2,17.5,20.6,17.8,11.5,19.3,17.4,15.8,15.6,15.8,20.4,16.8,16.3,15,12.9,13.8,16.3,16.7,7.3,15,4.9
17-Jul,15.7,19.3,18.5,16.9,19.1,20.2,13.2,19.6,18.9,20.1,19,21.5,21.5,21,20.6,18.2,20.1,17.7,12,18.9,17.6,16.3,15.8,15.3,20.6,17.4,16.7,14.9,13,14.6,16.1,16.8,7.6,15.3,4.7
18-Jul,15.2,19.1,18,17.1,19,20.5,13,19.8,18.7,20.5,19.3,22.2,22.4,22.3,21.8,19.3,19.8,17.1,12,18.4,17.5,16.2,15.6,15.8,20.8,17.7,16.8,15.7,13.2,14.2,15.4,16.7,7.4,15,4.6
19-Jul,16,19.7,18.4,16.7,19.4,20.6,12.7,19,18.5,19.8,18.9,21.9,21.5,21.7,21.6,18.2,19.5,17.2,12.6,18.5,17.1,16.6,15.8,16.2,21.2,17.9,16.8,15.8,13.3,14.2,15.7,16.6,7.7,13.5,4.6
20-Jul,15.9,19.2,18.6,16.6,19.2,20.4,12.7,18.8,18.2,19.7,18.9,21.5,21.2,21.2,21.1,17.5,19.4,17.6,12.9,19.1,17.8,16.6,16.4,16.8,21.5,17.9,16.8,15.7,13.3,14.1,15.2,16.8,8.6,13.9,5
21-Jul,15.8,19.1,18.3,16.7,19.1,19.3,11.6,17.9,17.3,18.8,18.2,21,20.8,20.9,20.6,18,19.9,18.1,14.4,19.6,18.3,16.4,16.2,16.8,21.4,17.5,16.7,15.5,13.1,13.7,14.7,16.8,8.6,13.5,4.4
22-Jul,14.9,18.7,17.4,16.7,18.1,18.9,11.4,18.5,17.9,19.1,17.6,20.9,20.8,20.7,20.5,18.3,20.3,19,13.8,19.6,18.7,15.8,15.9,16.9,21.5,17.8,16.7,15.5,13.2,13.5,14.5,16.3,8,12.9,4.4
23-Jul,15.6,18.8,17.9,16.7,18,19.2,12,19.1,18.4,19.3,18.1,21.3,21.2,21.1,20.7,18.7,20.2,18.2,12.5,19.1,18.2,15.5,16.2,16.6,22,17.9,16.9,15.6,13.1,13.8,14.6,16,8.6,12.9,4.5
24-Jul,15.1,18.6,17.9,17.1,18.9,19.7,12.7,19.9,19,19.9,18.6,21.9,21.4,21.2,20.9,18.3,19.6,17.7,11.6,19.1,17.4,15.5,15.9,16.6,22,18,17,16.1,13.2,14.1,15.3,16.4,8.7,13.9,4.2
25-Jul,15.3,19.2,18.3,17.2,19.3,20.3,13,20.5,20,20.5,19.1,22.2,21.7,21.5,21,18.2,19.4,17.4,11.6,18.4,16.9,15.7,16.2,16.3,22.3,18.2,17.2,15.8,13,14.2,15.1,16.8,8.9,13.4,4.2
26-Jul,16.8,19.4,18.9,16.8,19.5,19.9,12.4,19.1,18.4,19.4,18.4,21.2,20.8,20.7,20.3,18.1,18.9,17.4,12.3,18.8,17.3,16.2,16.7,17.1,22.7,18.4,17,16.4,13.3,13.9,14.9,17.4,8.6,13.5,4
27-Jul,16.2,18.9,18.4,16.9,19.2,19.4,12.3,18.6,17.9,19.1,18.3,20.9,20.6,20.4,20.1,17.5,19.4,17.9,12.3,18.9,17.7,16.1,16.9,17.5,22.8,18.3,16.9,16.2,13.2,13.7,15.5,16.4,8.8,13.5,3.8
28-Jul,16,18.9,18.6,16.7,19.3,19.3,13.4,18.4,17.8,19.2,17.8,20.8,20.6,20.3,20.2,17.4,19.8,18.1,12.5,19.6,17.6,15.4,16.6,17.6,22.2,18.2,16.7,16.1,13.7,14.3,15.8,16.1,8.7,13.8,3.6
29-Jul,16.8,18.8,18.8,16.9,19.3,19.6,13.1,18.9,18.3,19.1,18,20.8,20.5,20.2,19.8,17.6,19.3,17.9,12.7,19.8,17.5,15.7,16.1,16.5,21.9,18.1,17.2,15.9,13.5,14.9,15.6,16.5,7.8,14,3.7
30-Jul,17.1,19.1,18.5,17.3,19.1,19.5,12.7,18.7,17.8,19.3,17.6,20.7,20.1,19.9,19.5,17,19.5,17.8,12.6,18.6,17.5,16.3,16.6,16.7,22,18.3,17,16.3,13.9,14.9,15.6,16.8,8,13.8,3.7
31-Jul,16.7,18.8,18.6,17,19,19.4,13,18,17.8,18.9,17.8,20.6,20,19.8,19.6,17.8,19.2,17.8,12.1,19,17.6,16.6,17.1,17.1,22.6,18.6,17,16.5,13.6,14.7,15.3,16.5,7.7,13.6,3.6
1-Aug,16.3,19.1,18.8,17.1,19.3,19.2,12.1,18.5,18.1,19.2,18.2,21.2,20.6,20.5,20.2,17.7,19.5,18.1,11.8,19.4,17.2,16.2,17.2,17.4,22.4,17.8,16.7,16.5,13.4,14.1,15.4,16.4,7.6,14,3.5
2-Aug,16.9,19,18.7,16.9,19.1,19.6,12.7,18.3,17.8,19.1,18.4,20.7,20.2,20.7,20.4,17.7,19,17.6,11.7,18.9,17.2,16.7,16.9,17.3,22.2,17.7,16.7,16.4,13.7,14.2,15.2,16.9,7.8,13.4,3.4
3-Aug,16.3,19.1,18.8,16.8,19.6,19.6,13.4,18.4,17.8,18.9,18.9,21.4,21.3,20.8,20.1,17.8,18.9,17.9,12.4,18.7,17.5,16.5,16.8,17.1,22.6,18.1,16.8,16.9,13.9,14.1,14.6,16.8,7.7,12.1,4
4-Aug,16.5,19.8,19.2,17.4,19.8,20.2,12.9,18.8,18.1,19.4,18.4,21.2,20.7,20.3,19.8,17.5,19.2,17.8,12.8,19.5,17.8,16.2,17.4,17.8,22,18.1,16.6,16.6,13.6,14,14.2,16.5,7.5,11.5,3.7
5-Aug,16.5,19.6,18.7,17.1,19,19.7,12.2,18.5,17.3,18.7,17.6,20.4,20.3,20,19.7,17.4,19.3,18,12.7,20.2,17.8,16.5,16.6,17.3,21.5,17.9,16.5,16.2,13.6,14.1,14.5,16.5,7.7,11.3,3.4
6-Aug,16.5,19.1,18.3,17,18.9,19.2,11.5,18.6,17.3,18.7,17.6,20.6,20.3,20.1,19.8,17.7,19.9,18.6,12.2,19.7,17.9,16.3,16.4,17,21.4,18,16.8,15.8,14,13.9,14.4,15.7,7.9,12.6,3.1
7-Aug,16.6,19.3,18.3,17.5,19,20,12.3,17.7,17.3,18.7,17.7,20.6,20.6,20.6,20.3,17.8,19.5,18,11.1,19,17.5,15.7,16.7,16.8,21.4,18.3,17.3,15.7,13.9,13.6,14.3,15.3,8,12.6,2.7
8-Aug,16.4,19.3,18.9,17.5,19.3,19.8,12.5,18.5,18,19,18.6,20.8,20.8,20.5,20.2,17.8,19.2,17.6,11.2,18.6,16.9,15.9,16.2,16.4,22.2,18.5,17.3,16.2,14.3,13.8,14,15.5,7.3,12.4,2.8
9-Aug,16,19.7,18.6,17.7,19.3,20,12.2,18.2,17.6,18.7,18.2,20.4,20.3,20.2,19.9,17.1,18.4,17.1,11.8,18.4,16.5,16.7,16.2,16.7,21.7,18.5,17.3,16.2,14.1,13.3,13.9,16,7,11.8,2.9
10-Aug,16,18.8,18.8,17.2,19.2,19.1,12.1,18.7,18,18.6,17.1,20,19.7,19.6,19.2,16.2,18.4,17.4,12.3,18.9,17.3,16.6,16.4,16.7,21.4,18.3,17.3,15.8,13.4,13.7,13.8,15.8,7.4,11.5,3.3
11-Aug,16.4,19,18.7,16.9,19,19.3,12,17.9,16.9,17.8,16.7,19.4,19,19.1,18.6,16.9,19.1,17.6,12.7,19.2,17.4,15.2,15.7,16.5,21.4,18.4,17.3,16.2,13.7,13.3,13.6,14.7,7.7,12.3,2.7
12-Aug,16.2,18.6,18.8,16.6,18.7,18.4,11.7,17.5,16.8,17.9,16.5,19.4,19.3,18.9,18.6,16.8,18.8,16.5,12.5,18.5,16.3,14.1,15.6,16.5,21.2,17.9,16.7,16,13.6,13.5,13.1,13.9,7.9,11.2,2.5
13-Aug,15.9,18.8,18.2,17,18.4,18.7,11.7,17.3,16.8,17.8,16.9,19.7,19.2,19.8,19.6,16.7,18.8,16.7,12.3,18.3,16.6,14.4,15,15.8,21.1,18,16.8,15.7,13.4,13.3,13.5,14.3,7.3,10.8,2
14-Aug,15.8,18.7,18.1,16.8,18.5,18.9,11.2,17.6,16.7,17.8,17.3,19.5,19.6,19.7,19.4,17.1,18.7,16.6,12.4,18.3,16.5,14.8,15.7,15.9,20.9,17.7,16.3,15,13.2,13.1,13,14.3,7.3,11.1,2.2
15-Aug,15.8,18.2,17.7,16.6,18,18.6,11.4,18.2,17.1,18.1,17.2,19.5,19.5,19.6,19.4,16.5,18.7,16.7,11.4,18.6,16.8,14.9,15.3,16.1,20.4,17.5,16.5,14.6,13.4,13.2,12.9,14.1,7.6,11.8,1.9
16-Aug,15.9,18.4,17.9,16.7,18,18.7,11.7,17.9,17.2,18,17.2,19.7,19.4,19.6,19.6,16.9,18.2,16.1,11.4,18.9,16.1,14.3,15.1,15.5,20.2,17.5,16.1,14.8,13.4,13,13.3,13.9,7.2,11.7,1.7
17-Aug,15.2,18.5,18.2,16.7,18.4,18.7,11.1,17.6,16.7,18.3,17.2,19.8,19.7,19.8,19.4,16.4,18,15.7,11.2,17.5,15.8,14.7,14.9,15.3,19.7,17.4,16.1,15,13.5,12.8,13.3,14.6,6.6,11.2,1.7
18-Aug,15.4,18.5,18.4,16.8,18.2,18.5,10.4,16.4,15.8,17.5,16.3,19.2,19.1,19.3,19.3,15.7,17.9,16.2,11.9,17.6,16.6,15.5,15.3,15.8,19.9,17.2,15.8,14.2,13,12.3,12.9,14.7,6.6,11.6,2
19-Aug,14.9,17.9,17.1,16.5,17.3,17.8,10.9,16.1,15.5,17,15.7,18.6,18.5,18.8,18.7,16.4,18.5,16.5,11.1,17.5,16.2,14.2,14.5,15.3,20.2,17.1,16.1,14,13,12,12,13.5,6.6,11,1.9
20-Aug,14.3,17.2,16.9,16.4,17.3,17.2,10.2,15.7,15.2,16.6,15.7,18.4,18.3,18.6,18.5,15.9,17.7,15.9,10.6,18,15.6,14.3,14.9,15.1,19.9,17.4,15.7,14.3,13.1,11.9,11.8,13.8,6.5,10,1.4
21-Aug,14.7,17.4,16.8,16,17,17.1,10.2,15.9,15.4,16.4,15,17.9,17.8,18,17.8,15.7,17.6,15.8,10.9,18,16,13.9,14.4,15.3,19.8,17,15.8,14,13,11.4,11.9,13.7,6.4,10.3,0.8
22-Aug,14.5,17.3,17,15.7,16.8,16.9,9.2,15.5,15,16.2,15,17.4,17.5,18.2,18.6,15.3,17.7,15.7,10.8,17.5,15.9,14.3,14.3,14.9,19.3,16.8,15.9,13.2,12.9,11.5,11.4,13.4,6.8,9.5,0.8
23-Aug,14,16.6,16.2,15.6,16.3,16.5,9,15,14.1,15.7,14.3,17.5,17.6,18.3,18.3,15.7,17.6,16.5,11.8,18.1,15.9,14.1,14,14.9,19,16.8,16,13.3,13.2,10.8,11.3,13.3,6.5,9.4,1.2
24-Aug,13.1,16.7,15.6,15.6,15.8,16.4,9.4,15.1,14.8,15.9,14.7,17.8,17.6,18.7,18.8,15.7,19.3,16.2,11.1,17.9,15.5,13.2,13.4,14.4,19.3,16.9,15.4,13.2,13.2,11.1,11.1,12.8,6.2,9.2,1.2
25-Aug,13.3,16.6,15.9,15.6,16.4,16.8,10.1,15.4,15.8,16.7,15.5,18.6,18.5,19.4,19,16.4,18.6,15.1,10.7,17.1,14.8,12.7,13.1,14.2,18.7,16.7,15.3,13,12.9,11.2,11,12.4,6.1,9.7,0.7
26-Aug,13.8,17,16.1,16,16.7,17.4,9.9,16,16.7,17.4,16.5,19.4,19.2,19.8,19.4,16.1,17.8,15.1,10.7,16.8,14.5,12.5,12.9,13.9,18.6,16.8,15.7,12.6,12.6,10.8,10.6,12.3,5.8,9.2,0.3
27-Aug,13.5,17.6,16.5,16.4,17.2,17.6,10.2,16.3,16.1,17.4,16.9,19.3,19.1,19.9,19.6,16.1,17.6,15,10.8,16.7,14.4,12.6,13.4,14.8,18.3,16.7,15.9,13,12.5,10.2,10.7,12,5.7,7.6,0.2
28-Aug,14.5,17.7,16.9,16.4,17.1,17.3,9.7,16.2,15.7,16.9,16.5,19.1,18.8,19.3,19.4,15.8,17.7,14.7,9.8,16.3,14.4,11.9,13.4,13.8,18.2,16.5,15.4,12.7,13,10.6,10.3,11.9,5.3,7.2,0.1
29-Aug,14.4,17.3,16.8,16.1,17.1,16.8,9.2,15.7,15.4,16.4,15.6,18.4,18.1,19.1,18.6,15.7,16.5,14.1,9.6,15.6,14.2,11.5,12.8,13.5,18.2,16.5,15.6,12.7,12.8,10.4,9.3,11.4,4.9,7.8,-0.8
30-Aug,14.2,17,16.3,16.1,16.5,17.1,8.1,15.7,15,16.3,15.2,18.2,18.1,19,18.9,14.7,16.4,13.7,9.3,15.9,13.3,11.1,12.9,13.3,18.2,16.3,15.4,13.2,13,10.3,9.8,11.5,5.1,7.6,-0.8
31-Aug,13.9,16.5,15.5,15.8,16.1,16.4,8.2,15.6,14.2,16,14.7,17.8,17.5,18.1,18,13.8,16.1,13.1,8.9,15.4,13.5,11,13.4,13.6,18.4,16.1,15.4,13.3,12.8,10.2,9.4,10.6,5,7.5,-0.4
1-Sep,13,16.1,15.2,15.1,15.5,15.4,8.4,15.6,13.6,15.5,14.5,17.6,17.4,17.9,18,14.6,15.7,13.2,9.2,15.6,13.8,11.2,12.9,13.7,17.7,16.1,15.3,12.7,12.6,8.8,9,9.9,4.7,6.3,-0.8
2-Sep,12.7,16.2,15.3,15.3,15.6,15.6,8.1,14.9,13.5,15.4,14.4,17.4,17.3,17.8,17.8,14.5,16.1,13.3,9.1,15.3,13.4,10.2,12.4,12.8,17.5,16.3,15.5,12.1,12.8,9.4,8.9,9.5,4.7,5.7,-1.3
3-Sep,12.2,15.2,14.7,15.3,15,15,8.1,14,13,14.9,14.1,16.8,16.6,17.7,17.8,14.9,16.1,12.8,8.5,14.5,12.7,9.2,12.1,12.8,17.7,16,15.2,12.2,12.5,9.3,8.1,8.5,5.1,6.4,-1
4-Sep,11.8,14.8,14.2,14.8,14.4,14.5,8.1,14.7,13.7,15,13.9,17.2,17.4,18.1,18.1,14.3,15.5,12.1,7.1,14.4,12,9,12.3,13,17.6,16.1,15.2,12.4,12.4,9,8.2,8.5,5.1,6.2,-1.2
5-Sep,11.3,15.6,14.2,14.9,15,15.2,8.4,15.1,13.9,15.4,14.6,17.5,17.2,17.6,17.8,13.8,15.3,12.1,6.9,14.4,12.1,9.7,11.8,13.1,17.4,15.9,15.1,11.7,12.2,8.1,8.1,8.5,4.5,5,-1.8
6-Sep,12.7,15.4,15.3,15.2,15.4,15,8,14.4,13.3,14.5,13.9,16.4,16.6,17.6,17.6,14,14.7,12.3,7.6,14.3,12.4,9,11.1,12.1,16.6,15.5,14.9,10.9,12.1,8.7,8.4,8.5,4,5.2,-2.1
7-Sep,13.2,15.3,15.2,14.6,14.8,14.1,7.8,13.6,13,14,12.9,15.7,16,17.2,17.2,13.3,14.9,11.7,7.7,13.7,12.1,9.3,10.8,11.4,16.3,15.3,14.5,10.6,11.7,8.7,7.5,8.4,4.2,4.8,-2.3
8-Sep,12.5,15,14.1,14.1,14.6,14.5,7.8,14.2,13.2,14.5,13.4,16.6,16.5,17.6,17.5,13.5,14.1,11.6,7.1,13.4,11.4,8.8,10.8,11.5,16.7,15.2,14.1,10.8,12,7.8,7.8,7.9,3.9,4.9,-2.4
9-Sep,12.7,15.4,14.5,14.3,15,15,7.2,14.2,12.9,14.2,13.3,16.5,15.9,17.2,17.3,13.4,14,11.4,6.6,13.5,11.2,8.8,11,11.9,16.6,15.4,14.7,10.7,12,8.1,7.2,7.9,3.8,4.6,-2.9
10-Sep,13,15.4,14.6,14.8,15,14.6,6.2,13.6,12.9,14.3,13.8,16.4,16.1,17.1,16.8,12.7,13.3,11.2,6.4,12.5,10.6,8.6,10.5,11.2,15.9,15.1,14.5,10.2,11.7,7.8,7,7.6,3.4,4.8,-3.5
11-Sep,12.5,14.8,14.3,14.9,14.2,14.2,5.3,13.4,12.1,13.3,13,15.5,15,15.9,16.1,11.5,13,11.1,6.5,12.8,11.2,7.6,9.9,10,15.3,14.7,13.9,9.9,11.6,8.2,6.9,7.3,3.3,5,-3.7
12-Sep,12.5,14.1,13.7,13.9,13.4,13.4,5.3,11.4,11.1,12.6,11.9,14.2,14.4,15.4,15.6,11.6,12.6,10,5.9,11.8,9.8,7.8,9.7,10,15.3,14.4,13.9,10.2,11.7,8.3,7.2,7.4,3.4,5,-3.8
13-Sep,11.6,13.5,13.1,13.6,13.1,12.7,5.6,11.8,10.8,12.2,11.9,14.5,14.8,16.3,16.3,11.3,11.9,10,6.3,11.3,10,7.8,9.8,10.1,14.5,14.5,14,10.2,11.3,8.3,7.6,7.8,3,5,-4.3
14-Sep,11.6,13.5,12.9,13.7,13,12.7,5,11.3,11.4,12.9,12.3,15,14.8,15.9,15.5,10.5,11.9,10.5,6.2,11.9,10.6,7.7,10.2,10.3,15.1,14.6,14.2,9.9,11.5,8.5,7.1,7.3,2.9,5.2,-4.7
15-Sep,11.5,13.9,13.3,13.4,13.5,12.9,5.3,11.2,11,12.3,11.7,14.4,14.2,14.7,14.8,10.4,12,9.8,5.9,11.5,9.8,8.2,10,10.4,14.8,14.2,13.6,9.7,11.5,8.1,7.5,7.7,2.1,5.1,-4.7
16-Sep,11.5,13.4,13,13,13.1,12.5,4.9,10.9,10.3,11.7,11.8,14,13.5,14.4,14.6,10.5,12.8,10.1,6.6,11.7,10.1,8.1,9.9,10.5,14.9,14.3,14.1,9.4,11,7.4,6.8,7.5,1.7,4.5,-4.6
17-Sep,11.3,13.8,12.8,13.3,13.3,12.7,5.1,10.5,10.8,12.2,12,14.1,13.5,14.6,14.7,11.5,12.8,10.5,6,11.7,9.8,7.4,9.1,9.6,14.9,14.1,13.4,9.8,10.8,6.6,6.3,7.1,2,3.7,-5
18-Sep,11.4,13.6,12.9,13.6,13.1,12.8,5.5,11.6,10.9,12.7,12.3,14.6,14.1,14.9,15,11.8,12.4,9.6,5,10.7,9.3,7.5,9.4,10,15.1,14,13.2,9.3,10.7,6.8,6.1,6.9,1.9,2.9,-5.7
19-Sep,11.6,13,12.8,13,12.5,12,5.2,10.9,10.2,11.7,11.1,13.8,13.2,14.9,15.2,10.5,11.1,9.5,5.6,10.6,9.5,6.9,9.6,10,14.2,13.8,13.2,8.8,10.9,7.1,5.9,6.6,1.8,2.4,-5.9
20-Sep,11,12.9,12.4,12.8,12.2,11.8,5,11.4,10.3,11.9,11.5,13.9,13.5,14.8,15.2,10.7,11.1,8.5,4.6,9.8,8.6,6.4,8.7,9.1,14.1,13.6,13.5,9,10.9,7,5.6,6.1,1.8,2.1,-6.2
21-Sep,11.2,13.6,12.8,12.9,13.2,13,4.8,12.4,10.8,12.1,11.5,13.8,13.2,14.5,14.5,9.6,10.1,7.6,4.5,9.1,8.2,6.7,8.9,9.4,14.4,13.6,13.4,10.1,11.2,6.9,4.8,5.9,0.9,2.4,-6.5
22-Sep,11.1,13.5,13,13.1,13.1,11.8,3.5,10.8,9.7,11.5,11,13.5,13,13.9,14,8.8,10,8.1,4.6,9.2,8.4,6.2,9.5,10.3,13.6,13.6,13.4,9.7,11.1,6,3.9,5.9,0.5,0.9,-7
23-Sep,11.3,13.1,12.8,13.5,13,12.1,3.9,11.2,9.7,11,10.4,12.7,12.5,12.9,12.8,8.1,9.4,8.4,4.3,10.2,8.4,6,9.5,10.6,13.7,13.5,13,9.4,11,6,3.8,4.9,0.5,0.7,-7.4
24-Sep,11.4,12.4,12.4,12.5,12.3,11,3.8,9.9,9.1,10.4,9.6,11.8,11.5,12.4,12.2,8.9,10.4,8.2,3.4,10.3,8.1,5,9.7,10.5,13.2,13.1,12.8,9.3,10.8,5,3.1,4.2,0.4,0.3,-7.4
25-Sep,10.8,12.4,11.8,12.3,11.9,11.2,3.8,10.1,9.2,10.3,9.9,12.6,12,13,13,8.6,10.5,7.8,2.3,9.8,8.2,4.2,8.5,9.8,13.2,13.3,13,8.8,10.4,5.1,2.9,3.7,0.3,-0.2,-8
26-Sep,11.4,12.7,12.3,12.7,12.3,11.2,3.5,9.5,8.4,9.9,10.6,12.8,12.4,13.5,13.6,8.6,9.7,7,1.7,8.9,7.4,3.9,7.9,8.6,13.1,13.2,13,7.9,10.5,5.1,2.6,3.5,0.1,-0.3,-7.9
27-Sep,10.9,12.4,11.9,12.5,12,11.4,2.8,9.3,8.8,10.5,10.5,12.7,12,12.7,12.4,7.7,8.4,6.3,2,8.5,7.1,4.2,7.7,8.6,12.6,12.9,12.6,7.9,10,4.5,2.7,3.7,-0.5,-0.1,-8.4
28-Sep,10.4,12.2,11.9,11.7,11.8,11,1.8,8.3,7.7,9.5,9,11.5,10.7,11.2,11.4,8.2,8.5,6.6,1.9,9,7.3,4.5,8,8.8,12.7,12.9,12.3,8,10.4,4.9,2.5,3.7,-1.2,-0.5,-9.3
29-Sep,9.6,11.4,11.1,11.7,11.1,10.5,1.3,9.2,8,9.4,9.4,11.1,10.7,11,11.3,7.9,9.2,6.7,2.2,9,7.7,4.6,8.9,10.1,13,12.6,12.5,8.3,10.4,4.7,2.2,4,-1.1,-1.1,-9.9
30-Sep,9,11.4,10.7,11.3,10.8,10.3,1.1,9.1,7.3,9.1,8.7,10.9,10.3,11.4,11.8,8.1,9.8,7.5,2.2,9.3,7.7,4.3,8.5,9.6,12.6,12.9,12.5,8.2,10.4,4.9,2.2,3.1,-1.1,-1.5,-9.8
1-Oct,8.6,10.9,10.2,11.2,10.5,9.9,1.1,9.9,8,9.7,9.4,11.5,11.2,12.2,12.3,8.8,9.5,6.5,1.4,8.7,6.6,4.6,8.1,9.2,12.2,12.6,12.3,7.9,10.1,5,2.6,2.9,-1.3,-1.8,-9.8
2-Oct,9,11.9,11.5,12.2,11.8,11.3,1.4,9.1,8.3,10.1,9.5,11.9,11.4,12.2,12.5,8,8.5,5.8,1.2,8.6,7.5,4,10.9,8.7,11.9,12.2,12,7.5,9.7,4.2,2,3.1,-1.7,-2.4,-10.3
3-Oct,10,12,12.3,12.3,11.6,10.8,1.3,8.8,7.8,9.7,9.6,11.5,10.7,11.5,11.8,7,8.7,5.9,1.4,8.5,6.9,3.5,7.8,8.6,11.9,11.8,11.6,7.5,9.8,3.4,0.9,2.7,-2,-2.6,-10.3
4-Oct,9.6,10.6,10.5,11,10.1,8.8,0,6.7,6.2,8.1,7.8,10,9.5,10.4,10.9,7.1,8.5,6.6,1.7,7.7,6.4,2.7,7.1,8.1,11.1,11.8,11,7.4,9.6,2.4,0.2,1.7,-1.9,-3.4,-10
5-Oct,8.7,9.7,9,10.4,9,8.3,0.9,7.1,6.6,8.1,7.7,10,9.4,10.5,10.6,7.8,7.7,5.8,1.6,7.1,5.8,1.7,7.1,7.6,10.6,11.2,11,7.3,9.5,2.7,0,0.9,-1.9,-3.4,-10.2
6-Oct,8.6,9.8,9.8,10.8,9.7,8.9,1.4,8,7.1,8.9,8,10.4,10,10.8,10.4,6.4,7.6,5,0.6,6.8,5.7,2.4,6.7,8.1,10.4,11.4,11.4,7,9.6,4,0.9,1,-2,-2.5,-11.7
7-Oct,9.3,10.5,10,10.7,9.9,9.2,0.7,6.9,6.4,8.4,8.1,9.9,9.2,9.9,9.9,6.5,6.8,4.2,-0.6,6.7,5.3,2.8,6.4,7.6,10.3,11.2,10.8,6.4,9.6,3.9,0.9,1.8,-2.3,-2.2,-12
8-Oct,9.2,9.9,9.6,10.5,9.5,8.7,0.5,7,6.1,7.3,7,9.2,8.8,10.7,10.7,6.2,6.6,4.9,-0.1,6.4,5.6,3.3,6.5,7.4,10.8,11.6,11.3,6.2,9.2,4,0.7,2.5,-2.8,-2.7,-11.8
9-Oct,8.1,9.5,9.5,10.2,9,8.2,-0.7,6.6,5.5,6.9,6.9,8.8,8.5,10.1,10.1,6.4,7.2,5.4,0.5,6.5,6.5,3.7,6.7,7.6,9.9,11.1,10.8,6.1,8.9,2.9,-0.6,2.3,-1.8,-3.8,-12
10-Oct,7.9,9.1,9.3,9.6,8.6,7.5,-0.4,7.1,5.5,6.6,6.4,8.3,7.8,9.1,9.4,6.5,7.5,5.7,1.2,6.4,5.6,2.4,6.1,7.2,9.7,11.1,11,5.9,8.6,2.9,-0.4,1.2,-3.3,-3.7,-13.3
11-Oct,7.2,8.5,8.2,8.9,8.2,7,0.6,7.7,6.1,6.8,6.2,8.5,8.1,9.5,9.6,6.9,6,4,-0.1,5.4,4.6,2.2,6.2,7.1,9.2,10.8,10.6,5.8,8.6,3.1,-0.3,0.9,-3.1,-4.6,-14
12-Oct,7.2,9.2,8.7,9.7,9.1,8.1,0.6,7.6,6.6,7.7,7,9.5,8.9,9.3,9.4,5.6,5.8,4.4,-0.4,6.7,5.3,2.2,6.3,7.8,9.2,10.6,10.4,5.4,8.4,2.7,-1.5,0.6,-3.3,-6.4,-14.5
13-Oct,7.8,9.1,8.8,9.2,8.6,7.8,-0.2,6.1,5.2,7,6.8,8.7,8.4,9.1,9.4,5.7,7.4,4.8,-0.1,6.7,5.1,1.6,5.6,6.2,9,10.5,10.1,5.2,8.2,2.8,-2.1,-0.7,-3.6,-6.9,-14.2
14-Oct,7,8.4,8.4,9.4,8.2,7.4,-0.8,6.8,4.9,6.6,6.7,8.8,8.3,9.3,9.7,6.6,6.6,3.8,-0.9,5.7,4.2,1,5,5.4,8.5,9.9,10.3,5.3,7.7,1.5,-2.4,-1.5,-3.6,-7.1,-14.4
15-Oct,7.1,9.1,8.9,9.3,8.5,7.8,-0.6,6.6,5.4,6.6,7.3,8.9,8.9,9.9,10.2,5,5.9,3.5,-1.7,5.6,4,0.6,4.8,5.2,7.9,9.7,9.6,4.1,7.5,1.1,-2.9,-1.3,-3.8,-7.6,-15
16-Oct,7.6,8.7,8.3,9.5,7.9,7.6,-2.1,5.8,4.9,6.6,7.1,8.8,8.5,8.8,9.2,5.2,5,3.6,-1.6,5,3.6,0.5,3.9,5.3,7.6,9.2,8.8,3.6,7.4,0.8,-4,-1.2,-4.5,-8.3,-15.5
17-Oct,6.3,7.9,7.6,9,7.3,6.9,-2,5.4,4.7,6.3,6.5,7.5,7.4,8.6,8.9,5.2,4.4,2.6,-1.7,3.8,2.6,-0.3,3.8,3.8,7,9.1,8.7,3.8,7.7,1.2,-4.6,-1.7,-4.8,-9,-15.3
18-Oct,6.3,7.8,7.5,8.9,7.6,7,-1.1,6.6,5.1,6.6,6.5,8.5,8,8.8,8.9,4.1,3.9,2.3,-3,4.2,2.8,-0.1,4.6,5.8,7.7,9.2,9.1,4.7,7.9,-0.3,-6.4,-2.3,-4.2,-9.5,-15.3
19-Oct,6.9,8.1,8.2,8.7,7.6,7.1,-2.4,5.4,4.2,6.1,5.8,7.6,6.9,7.5,7.8,3.8,4.8,3.4,-2.4,5,4.2,0.1,4.1,5.8,7.6,9.4,9,4.2,7.7,-1,-7,-2.9,-5.1,-9.8,-15.3
20-Oct,6.1,7.1,7.1,8.1,6.3,5.8,-2.9,4.9,3.5,5.5,5.5,7.1,7.1,7.8,8,3.9,5.6,3,-2.5,4.7,3.7,-0.8,3.7,5.5,7.6,9.4,9.6,4,7.1,-0.7,-6.7,-3.1,-5.8,-10.7,-15.5
21-Oct,5.9,7.4,7.5,8.5,6.9,6.4,-3.6,4.5,4.2,5.5,5.5,7.5,7.1,8.2,8.7,4.2,4.5,2.5,-2.9,4.2,2.5,-1.3,3.1,4.2,7.9,9.7,9.4,3.2,7.1,-1.4,-7.6,-3.3,-6.6,-11.4,-16.9
22-Oct,5.7,7.7,7.2,8.3,6.7,6.4,-3.5,4.3,4,5.7,5.9,7.4,6.2,8.2,8.2,4.5,4.7,2.4,-2.9,3.6,2.1,-1.1,2.6,3.7,7.4,9,9,4.1,7.6,-0.7,-6.4,-3.1,-7.3,-11.4,-18.2
23-Oct,5.1,7.3,7,8.2,6.8,6.4,-3.4,4.4,4.1,4.9,5.6,7.3,6.9,8,8,3.8,4.1,2.3,-2,3.7,2.5,-0.5,3.1,4.8,7.5,9.6,9.2,4.1,7.6,-1,-6.6,-2.7,-7.8,-10.7,-18.8
24-Oct,5.8,7.4,7.3,8,7,6.4,-2.8,5,4.5,5.3,5.3,6.9,6.7,7.7,7.8,4.5,3.9,1.6,-2.3,3.4,2.2,-1.6,3,4.4,7.7,9.2,8.9,4,7.3,-1.2,-8,-3.4,-7.6,-11.7,-18.8
25-Oct,6,7.8,7.7,8.6,7.3,6.4,-2.4,5.6,4.4,5.6,5.8,7.6,6.8,7.8,7.6,3.8,3.8,1.7,-3.2,3.6,1.7,-2.1,3.1,4.7,7.7,9.4,9.1,4.2,7,-2.2,-9.1,-4.3,-8.2,-11.6,-18.7
26-Oct,6.7,7.4,7.4,8.8,7,6.4,-2.7,5,3.4,4.9,5.2,6.8,6.4,7.8,7.4,4.1,4.9,1.4,-4.6,3.8,1.3,-3.1,1.6,3.1,7.2,8.8,8.5,2.5,6.5,-3.6,-10.4,-4.8,-7,-13.1,-19
27-Oct,6,6.6,6.4,7.7,6,5.1,-3.2,4.1,2.8,4.5,4.7,6.3,6.1,7.4,7.3,4.4,3.1,0.8,-5.2,1.5,0.1,-3.1,-0.3,1.9,6,8.7,8.1,2,6,-3.8,-9.1,-5.1,-7.1,-13.9,-18.8
28-Oct,4.9,6.3,6,7.6,5.9,4.9,-4.2,4.3,3,4.3,4.9,6.3,6,7.2,7.3,2.8,1.6,-0.2,-5.3,1.4,-0.7,-2.6,-0.2,1.9,5.9,8.4,7.8,1.5,5.9,-3.4,-9.1,-5.3,-8,-14.1,-19.2
29-Oct,4.6,6.6,6.3,7.9,6.3,5.3,-5,2.5,2,3.7,3.5,5.4,4.8,5.5,5.6,2.1,1.9,-0.3,-4.9,1.1,-1,-1.7,0.5,1.6,5.4,7.8,7.7,1.6,6.6,-3,-9.4,-6.2,-8.6,-14.8,-19.2
30-Oct,4.8,5.6,5.4,6.8,5,4.4,-4.8,2.2,1.8,3,2.7,4.7,4.3,5.6,6.4,2.9,2.1,-0.2,-5.4,1.3,-0.6,-3,1.4,2.6,5.3,8.2,7.7,2.2,6.8,-3.8,-10.8,-7.4,-9.3,-15.5,-19.2
31-Oct,3.6,5.3,4.9,6.6,5,4.1,-4.5,2.9,2.2,3.2,2.9,5.2,5,6.4,7.1,3.3,2.1,-0.4,-5.8,1,-0.9,-4.5,0.9,2.4,5.6,8.3,8.3,1.6,6.6,-5.2,-11.4,-7.6,-8.6,-16.4,-19.3
1-Nov,4.1,6.3,5.8,7.3,5.7,4.5,-4,2.9,2.1,3.2,3.7,5.6,5.1,6.8,7.5,2.1,1.1,-1.6,-6.9,0.4,-1.9,-4.9,-0.3,1.6,5.4,7.9,8.1,0.6,6.7,-6,-11.9,-8.3,-8.2,-15.8,-20
2-Nov,5.1,6.2,6.3,6.8,5.7,4.6,-5,3.6,2.3,3.4,4.1,5.6,5,6.9,7.4,2.2,0.3,-2.2,-6.9,-0.2,-2.1,-5.3,-0.7,1.1,4.2,7.8,7.5,0.1,6.8,-4.5,-12.8,-8.7,-9.1,-16.8,-20.1
3-Nov,4.5,5.8,5.9,6.8,5.2,4.5,-5.3,3.6,1.7,3.1,4.2,6.2,6,7.2,7.1,1.3,-0.1,-2.4,-7.1,-0.9,-2.3,-6.2,-1.3,0.6,4.9,8,8,1,6.7,-5.4,-12.5,-8.3,-8.8,-16.7,-20.7
4-Nov,5.5,6.7,6.6,7.7,6.4,5.4,-5.4,3.4,2,3.4,4.1,5.6,4.9,6,5.8,0.1,-0.7,-3.2,-8.2,-0.5,-2.3,-5.8,-1.1,1.2,4.9,7.9,7.5,0.3,5.8,-6.2,-12.5,-8.3,-9.7,-16.5,-21.7
5-Nov,5.9,6.4,6.3,7.4,5.5,4.2,-6.5,1.3,0.4,2.2,2.6,4.1,3.6,5.1,5,0.4,-0.4,-3,-8,-1.3,-3,-7.5,-2,-0.2,3.8,7.4,7.1,-0.3,5.2,-6.7,-12.9,-9.5,-10.1,-17.9,-22
6-Nov,4.5,5.6,5.2,6.8,5,3.5,-6.5,1.3,0.6,2.5,2.9,4.5,3.4,4.6,4.6,0.2,-1.4,-4,-9.6,-2.1,-4.7,-8.6,-2.6,-0.5,3.9,7.3,7.1,-0.8,5,-6.8,-13,-10.9,-10,-18.4,-22.2
7-Nov,4.4,5.1,5.1,6.7,4.7,3.7,-6.2,1.7,0,1.5,2.1,3.6,2.4,4,4.1,-0.6,-2,-4.7,-10.3,-2.2,-4.6,-8,-3.1,-0.2,4.1,7.8,7.9,-0.2,5.1,-7.6,-14.9,-11.2,-9.2,-18.4,-22.5
8-Nov,3.7,4.3,4.4,5.8,3.5,2.5,-6.9,1.8,0.1,1.3,2.1,3.8,2.8,4.7,4.8,-1,-2.3,-4.4,-9.8,-2.6,-3.9,-9,-3.4,-0.6,2.9,7.2,7.1,-1,4.7,-8.3,-15.6,-12.1,-10.2,-18.5,-22.8
9-Nov,3.7,4.5,4.2,6.1,3.8,2.8,-7.3,0.9,-0.6,1.1,1.6,3,2.3,4.2,4.5,-1.1,-3.6,-5.3,-9.8,-3.2,-5.1,-9.7,-3.8,-1.6,3,6.8,6.9,-1.2,4.5,-8.5,-15,-11.9,-10.6,-18.7,-22.8
10-Nov,3.5,3.7,3.5,5.4,3,1.8,-6.9,0.2,-1.4,0.3,1.4,3.1,2.3,4.2,4.5,-2,-3.9,-5.3,-11.1,-2.9,-5.2,-9,-4.3,-1.9,2.6,7,7,-1.6,4.5,-8.3,-15.1,-12.4,-11.2,-19.1,-22.4
11-Nov,3.2,4.4,4.3,6,3.7,2.5,-7.4,0,-1.3,0.8,1.3,2.4,1.8,3.5,3.6,-2.1,-3.2,-5.7,-11.4,-3.6,-6,-9.4,-4.6,-2.3,3,6.7,6.9,-1.9,4.7,-8.9,-15.3,-12.6,-12.4,-18.8,-22.6
12-Nov,3.9,3.8,4.2,5.2,3.3,2,-8.5,-0.3,-1.9,0.3,0.7,2.2,1.7,3.2,3.3,-2.8,-3.5,-6.2,-11.2,-3.9,-5.6,-9.4,-4.4,-2.1,3.2,6.9,6.6,-2.3,4.2,-9.1,-16.2,-12,-12.4,-18.5,-23.6
13-Nov,3.6,3.5,3.9,5,3.2,1.7,-9.3,-0.8,-1.9,0.3,0.2,1.8,1.3,3.3,3,-2.9,-4,-5.8,-11.3,-3.3,-5.4,-8.6,-4.3,-2,2.9,6.5,6.4,-1.8,3.8,-9.5,-17.7,-12.1,-12.1,-18.4,-23.6
14-Nov,3.6,3.4,3.8,4.9,2.8,1.4,-9.6,-2.4,-2.7,-0.5,-0.4,1.3,0.7,3,2.7,-2.8,-3.6,-5.6,-11.2,-3.2,-5.5,-8.9,-3.9,-1.8,2.7,5.9,6,-2.1,3.9,-9.7,-17.8,-12.6,-11.7,-19.6,-25.1
15-Nov,3.4,2.7,3.4,4.8,2.3,0.9,-10.2,-3,-3.3,-1.1,-1.5,0.5,0.1,2.5,2.9,-1.8,-3.4,-6,-11.9,-3.5,-5.7,-9.3,-3.7,-1.6,2.7,6.2,6.2,-1.5,4,-8.5,-18.1,-12.9,-12.3,-21.9,-25.2
16-Nov,2.7,2.3,2.7,3.9,1.6,-0.1,-10.2,-3.4,-3.7,-1.5,-1.1,1,0.4,2.9,2.9,-2,-3.2,-6.1,-12,-3.6,-6.1,-10.7,-5,-2.1,2.4,6.5,6.3,-2,3.5,-11.1,-19.4,-14.2,-13.1,-22.7,-25
17-Nov,2,2.7,3.1,4.5,2.2,0.5,-9.4,-1.3,-2.4,-0.9,-0.5,1.2,0.9,3.2,3.3,-2.6,-4.5,-7.2,-12.6,-5.3,-7.7,-12.5,-7.3,-4.5,1.4,5.4,5.3,-3.7,3.3,-12.7,-20.6,-16.9,-13.1,-21.8,-24.8
18-Nov,3,2.8,3.6,4.8,2.4,0.6,-9.9,-1.6,-2.8,-0.9,-0.2,0.9,0.7,3,3.1,-3,-5.5,-8.8,-13.6,-7,-8.5,-14.3,-7.7,-5.1,0.6,5.4,5.6,-4.2,3.4,-12.2,-20.8,-18.4,-13.6,-23.1,-24.9
19-Nov,2.6,1.4,2.5,3.2,0.9,-0.9,-10.6,-3.5,-4.4,-2.1,-1.7,0.2,-0.2,2.5,2.5,-2.9,-6.4,-9.8,-15.6,-6.1,-9.3,-14.6,-7.4,-4.3,1.4,6,6,-3.6,3.2,-12.1,-21.1,-18.3,-13.5,-23.6,-25.4
20-Nov,1.3,1.3,1.8,3,0.7,-1,-9.6,-2.4,-3.9,-1.9,-1.6,0.1,-0.7,1.9,2.3,-3.5,-6.7,-10.2,-15.1,-7,-9.9,-14.4,-7.9,-4.6,0.9,5.6,5.5,-4.8,2.9,-12.9,-20.9,-18.1,-13.2,-23.8,-25.9
21-Nov,1.2,2,2.2,3.8,1,-0.3,-10.4,-3.5,-4.2,-2.4,-1.7,-0.3,-1.1,1.4,1.5,-4.4,-6.6,-9.9,-14.6,-7.6,-10.2,-14.6,-9,-6,-0.2,4.7,4.8,-6,2.3,-12.7,-19.6,-18.5,-14.3,-24.4,-26.3
22-Nov,1.9,2,2.6,3.9,1.3,-0.2,-11.3,-3.9,-4.6,-2.7,-2.2,-0.5,-1.2,1.3,1.2,-4.5,-7.7,-11.6,-14.6,-8.6,-11.3,-15.4,-9.8,-6.8,-1.3,4.3,4.5,-6.4,2.5,-11.1,-18.6,-17.9,-14.3,-25,-26.5
23-Nov,1.3,1.1,1.6,3.4,0.3,-1.2,-10.8,-3,-4.7,-2.8,-2.4,-0.2,-0.7,2.3,2.3,-4.8,-9.5,-12.8,-15.8,-8.9,-12.5,-15.3,-8.4,-5.7,-0.7,4.6,4.8,-5.3,2.8,-11.3,-20.1,-17.2,-15.6,-25.5,-25.4
24-Nov,1.4,1.4,2.1,3.5,0.8,-0.8,-11.1,-3.1,-4.4,-2.2,-1.9,0.1,-0.7,2.1,1.6,-6.5,-8.4,-11.2,-15,-7.7,-11.4,-17,-8.2,-5.2,-0.9,4.8,4.8,-5.6,2.9,-12.4,-21.2,-18.6,-16.1,-25.9,-26.3
25-Nov,1.9,1.2,2.2,3.6,0.2,-1.3,-12.9,-4.3,-5.6,-3.3,-2.7,-1.1,-1.8,1,1.2,-5.6,-7.6,-12.2,-14.8,-9.2,-12.1,-17.4,-9.8,-6.5,-1.3,4.1,4.3,-6.8,2.8,-12.3,-20.8,-20,-15.4,-27.3,-26.7
26-Nov,1.4,1.3,1.7,3.6,0.4,-1.2,-12.7,-3.6,-5.8,-3.4,-2.8,-0.9,-1.5,1.7,2.1,-5.2,-8.4,-12.9,-16.8,-9.6,-12.2,-19.1,-10.2,-7.3,-1.7,3.9,4.1,-6.6,2.9,-12.1,-22,-20.7,-14.9,-27.2,-28.6
27-Nov,1.3,1.2,1.8,2.9,0.2,-1.4,-12.5,-4.2,-5.6,-3.9,-3.5,-1.3,-1.7,2.6,2.3,-5.7,-10.1,-13.3,-17.4,-11,-14.2,-18.7,-9,-5.5,-0.9,4.3,4.6,-5.4,2.8,-13,-22.4,-19.1,-16.4,-26.2,-28.4
28-Nov,0.6,1.6,1.5,3.9,0.6,-0.8,-13.7,-3.3,-4,-2.8,-1.1,0.1,-0.9,1.7,1,-7.2,-10.9,-14.4,-18.9,-10.4,-13.4,-16.9,-8.3,-4.9,-1.8,4,3.9,-5.5,3.2,-11.5,-21,-18.4,-19.1,-24.8,-27.3
29-Nov,2.2,2.1,2.6,3.8,1.1,-0.8,-13,-3.3,-4.7,-3.1,-2.1,-0.9,-1.9,0,-0.3,-7.6,-10.6,-13.5,-19.3,-9.8,-12,-15.5,-8.4,-5.1,-1.6,3.6,4.1,-5.4,3,-11.4,-21.4,-19,-20.1,-24.9,-27.5
30-Nov,1.2,0.4,1.1,2.5,-0.3,-2,-12.9,-4.5,-6,-4.1,-3.6,-1.8,-2.6,-0.2,-0.3,-7.9,-10.7,-13.3,-18.5,-9.5,-12.1,-17.1,-10,-5.7,-1.6,4.4,4.4,-5.5,2.9,-13.1,-23.1,-20.8,-19.1,-24.8,-27.3
1-Dec,0.2,0,0.4,1.8,-0.7,-3,-14,-5.8,-7,-5,-4.5,-2.6,-3.4,-0.6,-0.6,-8.6,-11.6,-13.5,-17.9,-11.4,-13.6,-18.4,-11.6,-7.4,-1.5,4.7,4.8,-6.9,2,-14.1,-24.7,-20.7,-18.4,-25.2,-27.1
2-Dec,-0.6,-0.2,0.2,1.9,-1.2,-3.1,-14.5,-6.5,-7.6,-5.6,-4.8,-3.2,-4.1,-1.1,-1.2,-9.5,-12.2,-14.9,-19.3,-11.6,-14.7,-18.2,-11.7,-7.8,-1.3,4.6,4.8,-7.3,1.9,-14.8,-24.8,-20.4,-19.2,-25.2,-27.4
3-Dec,-0.8,-0.3,0.2,2,-1.4,-3.6,-14.4,-7,-7.6,-5.4,-4.4,-3.5,-4.4,-1.6,-1,-9.1,-11.5,-14.2,-19.6,-10.4,-13.7,-18.2,-11.1,-6.7,-1,5.1,5.4,-7.3,1.9,-14.7,-25,-21.2,-20.5,-24.4,-28
4-Dec,-0.3,0,0.4,1.9,-1.3,-3.4,-15.4,-7.8,-8,-6.2,-5.9,-4.6,-5.2,-1.9,-1.4,-7.9,-9.5,-14.4,-18.8,-9.8,-13.3,-19.4,-9.8,-6.3,-1.6,4.3,4.2,-7,2,-15.6,-25.6,-21.9,-21,-24.9,-28.2
5-Dec,-0.1,-1.1,-0.1,0.6,-2.1,-4.7,-15.8,-7.9,-8.9,-6.7,-7,-5,-5.3,-1.3,-1,-7.4,-11,-15.2,-20,-11.9,-14.8,-20.4,-10.5,-6.9,-2,4.1,4.2,-6.8,2.5,-15.9,-25.9,-23.1,-19.7,-26.3,-28.2
6-Dec,-0.1,-0.2,0.1,1.9,-1.2,-3.4,-15.7,-5.9,-7.5,-5.2,-4.8,-3,-3.8,-1,-1.3,-9,-12.5,-15.3,-20.5,-11.6,-15.7,-19.8,-10.8,-7.3,-1.9,4,4.4,-6.7,2.5,-15.7,-25.8,-23.2,-20.7,-27.5,-28.1
7-Dec,0.3,-0.3,0.4,1.7,-1.3,-4.1,-16.6,-7.9,-9.3,-6.5,-6.9,-4.9,-5.9,-2.3,-2,-9.3,-12.2,-16.6,-21.7,-11.8,-15.4,-21.2,-11.4,-8.2,-1.7,3.9,4.1,-7.2,2.6,-15.9,-25,-23.7,-22,-28,-28.3
8-Dec,-1.2,-2.4,-1.2,-0.1,-3.5,-6.4,-17.5,-9,-10.2,-7.4,-7.3,-5.4,-6.2,-1.5,-1.8,-9.8,-12.6,-16.5,-22.7,-12.7,-15.4,-21.9,-11.6,-7.2,-2.1,4.4,4.5,-6.6,2.7,-16.2,-25.3,-24.6,-21.9,-28.4,-28.8
9-Dec,-1.9,-1.8,-1,0.8,-3.2,-5.2,-19.2,-9.2,-10.1,-7.3,-6.2,-4.9,-5.7,-1.7,-2.3,-10,-13.5,-17.4,-21.3,-12.7,-16.3,-22.4,-11.3,-7.7,-2,4,4.2,-6.7,2.3,-15.8,-25.9,-24.9,-21.4,-27.2,-29
10-Dec,-1.8,-1.9,-1.2,0.7,-2.9,-5.1,-19.4,-9.8,-10.3,-7.8,-6.8,-5.6,-6.5,-2.1,-2.5,-10.8,-14.9,-18.9,-22.3,-12.9,-16.8,-22.8,-11.8,-7.6,-1.7,4,4.1,-7.6,2.2,-16.1,-26.4,-24.8,-21,-27.6,-29.1
11-Dec,-1.8,-2.5,-1.7,0.2,-3.7,-5.7,-19,-11,-12,-9,-8.4,-6.6,-7.4,-3.6,-3.3,-11.2,-13.9,-17.8,-23,-11.9,-16.6,-23.5,-11.6,-6.4,-2.1,4,4.1,-6.9,2.7,-17.1,-26.3,-25.1,-21.9,-27.2,-29.8
12-Dec,-1.8,-3,-2.1,-0.3,-4.1,-6.4,-19.5,-11.7,-12.9,-9.3,-8.6,-6.4,-7.1,-2.4,-2.2,-10.2,-14.5,-18.3,-22.6,-12.8,-16.7,-23.6,-12.6,-7.3,-2.8,3.5,3.4,-7,3.1,-15,-26.3,-25.3,-24,-25.5,-29.2
13-Dec,-1.7,-3,-1.7,0,-4.2,-6.1,-20.4,-11,-11.9,-8.5,-7.3,-5.4,-6.2,-2.5,-2.5,-10.7,-14.5,-19,-23.6,-14.7,-17.7,-24,-12.4,-8.1,-2.5,3.7,4,-6.1,3.1,-13.2,-24.1,-23.6,-24.4,-25.8,-28.4
14-Dec,-2.5,-3,-2.2,-0.3,-4.2,-6.7,-21.3,-10.7,-11.6,-8.3,-6.8,-5.7,-6.7,-3.4,-3.2,-11.1,-15.5,-19.2,-23.7,-13.6,-17,-22.2,-11.2,-6.6,-1.7,4.4,4.8,-6,3.2,-13,-23.2,-22.3,-24.4,-26,-29.1
15-Dec,-2.2,-3,-2.1,-0.6,-3.9,-6.8,-22.1,-11.5,-12.7,-9.1,-7.8,-6.7,-7.4,-2.9,-3.1,-11,-14,-17.7,-22.5,-13.2,-16.7,-22.3,-10.5,-6.2,-2.2,3.9,4.2,-6.8,1.7,-14.2,-24.1,-22,-23.4,-26.4,-29.9
16-Dec,-2.2,-2.9,-1.9,-0.8,-3.8,-6.6,-21.7,-12.3,-12.6,-8.9,-8,-7,-7.8,-3.5,-3.6,-11.2,-13.5,-16.8,-22.8,-13,-15.8,-21.2,-11.6,-6.8,-2.7,3.5,4,-7.9,1.8,-14.5,-24.8,-22.7,-21.8,-26.3,-29.3
17-Dec,-1.8,-3,-1.8,-1,-3.8,-6.4,-21.4,-12.4,-13.1,-9.7,-9.4,-7.9,-8.6,-3.7,-4,-11.2,-14.3,-17.5,-23.1,-13.3,-16.7,-20.8,-12.3,-7.5,-2.9,3.3,3.5,-8.8,1.9,-16,-25.3,-23.5,-22.9,-26.2,-28.7
18-Dec,-1.5,-4.1,-2.2,-1.8,-4.9,-7.9,-21.1,-14.6,-14.2,-10.8,-10.4,-8.7,-9,-4.2,-4.3,-12.3,-14.7,-17.6,-23.7,-13.9,-16.5,-21.3,-12.5,-8.5,-4,3.3,3.6,-9.4,2,-15.4,-24.6,-24.6,-23.6,-25.5,-27.8
19-Dec,-1.9,-5.9,-3.6,-2.8,-6.6,-9.6,-21.6,-15,-15.2,-12.2,-11.4,-9.6,-10,-4.8,-4.5,-12.7,-16,-19.1,-23.7,-15,-18.2,-22.6,-12.4,-8.5,-3.5,3.3,3.8,-8.6,2.1,-13.8,-23.2,-24.3,-22.6,-24.4,-28.9
20-Dec,-2.8,-6.1,-4.3,-3,-7.1,-9.7,-22.3,-14.7,-15.1,-12,-10.8,-9.2,-10,-4.4,-4.4,-12.5,-16.9,-19,-22.5,-14.2,-17.3,-20.6,-12.3,-8.6,-3.5,3.3,3.8,-8.7,1.7,-15.6,-24.7,-24.1,-22.6,-24.2,-29.9
21-Dec,-3.3,-5,-3.7,-2.1,-6.2,-8.7,-21.3,-13.3,-13.2,-10.4,-9.4,-8.3,-9.2,-4.5,-4.5,-11.2,-15,-18,-23,-13.3,-17.4,-22.9,-13,-9.7,-4,3.3,3.7,-9.4,1,-17.5,-25.8,-24.9,-23.5,-26.1,-31.2
22-Dec,-2.2,-3.8,-2.2,-1.4,-4.9,-7.8,-20.1,-12.6,-12.5,-9.3,-8.6,-7.3,-8.3,-3.6,-3.9,-10.4,-14.6,-18.5,-24.7,-14.4,-17.4,-24.4,-13.8,-9.4,-3.6,3.2,3.9,-9,1.1,-18.2,-26.5,-24.7,-22.8,-27.5,-30.9
23-Dec,-1.9,-3.4,-2.4,-0.6,-4.9,-7.6,-20.2,-12.1,-12.2,-8.4,-7.4,-6.4,-6.7,-3.3,-3.5,-12.5,-16.4,-19.2,-24.9,-14.8,-17.8,-25.1,-12.8,-9.3,-3.9,3.3,4.1,-8.6,1.8,-17.1,-26,-24.7,-22.6,-27.2,-29.4
24-Dec,-2.2,-3.4,-2.6,-0.7,-5.1,-7.3,-20.9,-10.8,-13,-9.6,-8.6,-7.4,-8.2,-4.6,-4.5,-13.8,-16.7,-19.7,-24.8,-14.4,-17.6,-24.1,-11.3,-7.4,-3.9,3.6,3.8,-7.8,2,-15.6,-24.5,-25.6,-23.4,-26.5,-29.5
25-Dec,-1.7,-3.6,-3,-1,-5,-7.3,-21.8,-12.4,-13.9,-10.6,-9.3,-8.4,-8.9,-4.9,-4.7,-14.8,-18,-19.7,-24.8,-14.2,-17.7,-22.7,-11,-6.8,-4.4,3.2,3.6,-7.6,2.4,-15.2,-24.7,-25,-23,-26.7,-30.2
26-Dec,-2.3,-3.6,-3,-0.7,-5.1,-7.4,-22.4,-12.6,-14.1,-11.1,-10.4,-8.8,-9.7,-6.1,-6.3,-15.1,-17.3,-19.1,-24.2,-14.4,-18,-23.6,-11.5,-7.4,-3.5,3.3,4,-8.4,1.6,-15.6,-25,-25.5,-23,-26.9,-29.7
27-Dec,-2.9,-5.9,-4.4,-3.1,-7.7,-9.7,-23.3,-14.3,-16.1,-12.9,-12.4,-10.6,-11.5,-5.7,-5.6,-13,-16.5,-18.8,-23.5,-14,-18,-24.4,-13.6,-9.3,-4.3,2.4,3,-9.7,0.8,-16,-26.4,-26.1,-24.1,-26.9,-29.8
28-Dec,-4,-5,-4.7,-1.6,-6.9,-8.7,-21.6,-12,-13.7,-10.8,-10.1,-8.7,-9.6,-4.2,-4.1,-12.8,-16.1,-20,-25.1,-16,-19.8,-25.2,-14.9,-10.7,-6.2,1.5,2.6,-11.4,0.1,-17.5,-27.1,-25.4,-23.1,-25.9,-30.1
29-Dec,-3.2,-3.6,-3.4,-1,-4.8,-7.6,-21.1,-12.4,-13.4,-10.1,-9.1,-8.5,-9.2,-4.7,-4.7,-13.8,-16.8,-20.3,-25.2,-16.9,-20.6,-24.2,-13.9,-10,-7,1.9,2.7,-11.5,-0.1,-17.7,-26.8,-24.5,-23.5,-25.7,-29
30-Dec,-2.8,-4.9,-3.3,-2.6,-6.1,-8.8,-22.2,-14.3,-15.7,-12.3,-11.3,-10.3,-11,-5.7,-5.7,-14,-17.4,-20.1,-24.4,-16.4,-19.2,-23.4,-14.2,-10.4,-6.4,2.2,2.9,-11.4,-0.1,-17.3,-27.2,-25.8,-23.9,-24,-29.4
31-Dec,-4.2,-5.7,-4.8,-2.4,-6.9,-9.4,-22.3,-13.7,-15.5,-12.1,-10.7,-9.2,-9.7,-5,-4.9,-13.9,-17.8,-21,-25.5,-16.9,-19.9,-23,-13.6,-10.1,-6.3,1.9,2.7,-11.9,0,-16.2,-27.2,-25.1,-24.5,-24.8,-30.5
